titles,category
김규완  국민의힘  두 자릿수로 지면 김기현 책임론 비대위  전부 오보 ,Politics
김행  행방불명 된 적 없다       공개하라  반격,Politics
 단독  노조 비리 잡겠다 며 만든 정부 신고센터   사용자 불법  호소로 가득,Politics
내일 총선이면 어느 당에  국힘       민주      ,Politics
당장 내일이 총선이라면  국힘          민주당        접전 ,Politics
조정훈  정청래  한동훈 아니면 약체  하태경 두렵단 표시  한판승부 ,Politics
가짜뉴스 규제 일방통행에 드러난  총체적 난국 ,Politics
       수  데일리안 출근길 뉴스   이재명의 민주당 이 욕설 지적을   안철수 욕설 논란  진상은 등,Politics
 개월 남은 총선  유권자        새 얼굴 뽑겠다 ,Politics
가스공사 전 사장  박    만 원 호텔 숙박 산하기관 법카 펑펑 쓴 공무원,Politics
내일 총선이라면 국힘        민주        오차범위 내 접전 ,Politics
김행  내가  배임혐의   이건 묻지마 고발 차라리 다행  수사해 보자 ,Politics
김기현 이재명 운명 갈린다  강서구청장 보선 투표 시작,Politics
유권자        내년 총선 새 얼굴에 투표   현역 의원       에 그쳐,Politics
 윤석열 이재명 리턴매치  강서 보궐선거 국힘  박빙  민주  승리 ,Politics
김성태  해킹 우려에 수개표  박수영 노파심  당 입장 아냐   한판승부 ,Politics
 단독  보훈급여 수당 최근  년간    억 잘못 지급 국민혈세  줄줄  이현호 기자의 밀리터리 톡 ,Politics
김행  여야 충돌 새 뇌관 될까  임명 강행  벼르는 민주,Politics
조해진  하태경  서울 이길 수 있는 곳 가야 총선 비대위  김기현 체제로 ,Politics
보궐선거 직전 국정원  해킹 발표   비웃은 진중권    보수 음모론 영합 ,Politics
 대통령  중동 사태에 고물가 고금리 선제 대응 주문,Politics
   하고 자빠져  막말 논란 휩싸인    민주 공세에 내놓은 답은 ,Politics
    정부 통계조작 조사     상저하고 맞나    정무위 국감 첫날,Politics
당무 복귀 앞둔 이재명  가결표 통합이냐 숙청이냐 갈림길,Politics
 정부 수차례 묵살하더니 한전  결국    조 폭탄  터졌다,Politics
     사법리스크 변수   계파갈등 극복도 급선무   총선  개월 앞으로  사활 건 여야     ,Politics
   과반의석 확보 과제    정부 개혁 성공 달렸다   총선  개월 앞으로  사활 건 여야     ,Politics
유인촌  야당과  가짜뉴스  설전 김행의  위키트리 엔  확실히 문제 있다      국정감사 ,Politics
이동관   중국 응원     에  대선에도 영향 가능 호들갑 떨 일      국정감사 ,Politics
 한전 부실  전 현정부 책임론 충돌  원전 수출부진  놓고도 격론 종합 ,Politics
국토부 국감  양평고속  공방 원희룡  전문가가 답변해야  종합 ,Politics
박진  양금덕 할머니 서훈  강제징용 해법 등 고려해야 ,Politics
   가짜뉴스 규제 위헌  지적에 이동관  책임지겠다 ,Politics
 가짜뉴스 로 맞붙은 여야    강력규제      방통위 방심위 월권 ,Politics
  찍은 표가 순식간에  후보 표로 둔갑 반년 남은 총선 뚫릴라,Politics
 치료 사각지대  조현병 환자     명 환자    는 취약계층,Politics
한전 직원이 태양광사업 운영  가스공 사장은  박에    만원 종합 ,Politics
 신원식 막말   이재명 쌍욕  국방위 국감 첫날부터  파행  종합 ,Politics
산업부 공무원  산하기관 법카  펑펑  가스공사 전 사장은  박에    만 원 지출,Politics
 지역 개발    정권 심판    막판 유세 총력전,Politics
 무력 충돌  이스라엘 우리 국민    명 오늘 빠져나와,Politics
장제원  서울로    국민의힘에 부는 바람   녹취록 ,Politics
김남국  안철수가   랄하고 자빠졌죠  막말  에 타격 주기로 작정한 모양 ,Politics
 국방부 괴문서와 군검찰 공소장은 쌍둥이 ,Politics
한전 적자 전기료 급등 공방     정부 실기         정부 실정 ,Politics
하마스 기습에 뚫린 이스라엘 핵심은 정보전   취재파일 ,Politics
야   상저하고  공감 어려워  정부  하반기 확실히 좋아져 ,Politics
올해 군의관 장기복무 지원자   명   군의료 시스템 붕괴 우려 ,Politics
 기고 창끝 전투력 핵심 초급장교       지원율 급감 왜   현실과 정치공학의 잘못된 만남,Politics
국정감사 첫날부터 신경전   서울 강서구청장 보선    ,Politics
 기고 밀리   합참의장이 트럼프 명령 거부하며 충성한  자유민주주의 헌법적 가치 ,Politics
      국감   유아교육 전공  안했어요   무자격  영어강사 판친다,Politics
정청래  하태경 약체  오려면 한동훈 와라 마포을은 사지일 것 ,Politics
이준석  강서구청장 보궐선거 민주당이 지면 이재명 정계 은퇴해야 ,Politics
 어차피 임명된다   장관 후보자 태도 논란에 커지는 청문회 무용론,Politics
    선거조작 가능   보안 만점  처리한 선관위 종합 ,Politics
 이앤피  강서구청장 보선      여야  막판 총력전  민심의 향방은   ,Politics
수억대 태양광 사업한 한전 직원     만원 스위트룸  가스공 사장,Politics
 노컷브이  김행  충돌한 여야  줄행랑은 가짜뉴스      충격 제보 많다 ,Politics
 서울 출마  하태경에 홍준표  깜도 안돼  정청래  약체 ,Politics
정청래  내가 무슨 안동역이냐  오네 마네 하게 하태경은 약체  한동훈 와라 ,Politics
이재명  재택 정국구상   국감 민생 이냐  대여 투쟁 이냐  이런정치 ,Politics
 국방부 괴문건은 위헌적  작성자 반드시 찾아 처벌해야 ,Politics
윤재옥  김행 청문회 줄행랑  가짜뉴스  권인숙 막말 때문 ,Politics
우크라 이어 이스라엘 팔레스타인까지 정부  중동정세 변화에 촉각  이 팔 전쟁 ,Politics
정청래  가결파 색출 징계 불가능 방송서 해당행위는 상응조치 ,Politics
   이재명   김포공항 이전  백지화 입장 밝혀야 ,Politics
윤희숙  퇴원하는 길  이재명  재판가면 아픈척 머리 아플것 ,Politics
홍준표   깜 도 안 되는 자들이 깐죽  하태경 천하람 직격,Politics
오늘부터 국정감사   서울 강서구청장 보선    ,Politics
조응천  이재명 당 통합 주문에  말보다 행동이 중요 ,Politics
전여옥 전원책도  김행은 안돼 조국보다 빨리 물러날듯 ,Politics
한미일   항모  레이건  동원  해양차단 대해적훈련  종합 ,Politics
 방지법 맞불     김행 도망   후보자 사퇴해  권인숙 편파진행에 청문회 끝난 것 ,Politics
  연횡책 맞설   합종책  단계는   호주 뉴질랜드,Politics
민주  대통령에  김행 지명 철회  압박  국민 입장은 부적격 ,Politics
서울 출마 하태경  나는 범친윤   의원들 서로 자기쪽으로 오지마라 하더라 ,Politics
 최강시사  정청래  하태경  마포을엔 약체 오려면 한동훈 와라 ,Politics
 도 우려하는 김행    전원책  조국보다 빨리 퇴진할 수도 ,Politics
국민의힘 이용호  김행  대통령 부담 덜어주는 것도 하나의 길 ,Politics
 정치톡톡  이재명 당무 복귀는 언제     김행랑 방지법  발의    탕후루 대표 마약 아이돌  호출,Politics
퇴원 직후 유세장 간 이재명  나라가 위기  강서구민 나설 때 ,Politics
퇴원 후 진교훈 후보 유세 현장 찾은 이재명 대표 뉴시스    ,Politics
지도부에 이재명까지 민주  강서구청장 유세  총출동 ,Politics
 줄행랑은 가짜 뉴스     김행 방지법  발의 내일부터 국감,Politics
   김행 임명 강행할까  보선 결과 변수 될 듯,Politics
이 팔 사태에  안보 경제 영향도 촉각 정부 긴급점검 종합 ,Politics
 단독  못 받아낸 세금만   조원  세수펑크  만회할 기회 놓쳤다,Politics
퇴원 후 강서구 달려간 이재명  진교훈 압도적 당선시켜달라 ,Politics
 한동훈 뜨자 예술의전당 난리났다   현근택  총선 간보러 남들 다 알아보게 가 ,Politics
이재명  강서구 유세장 찾아  압승  부탁    진교훈에 악재될 것  견제,Politics
강서 찾은 이재명  지팡이 짚고  진교훈 압도적 당선시켜야 ,Politics
서영교  진교훈 뽑아 국민의힘 박살내자  도  김건희도  한동훈도 심판 ,Politics
이재명  힘겹게 몸 가누며  우리 안의 작은 차이 넘자   내홍 수습 고심,Politics
이재명 앞세운    강서 총출동  국민 무서움 증명해달라 ,Politics
 중동전쟁에 국제유가 꿈틀    년전 악몽 되풀이 되나  이 팔 전쟁에  경제 불안 ,Politics
홍준표  살길 찾는 하태경  천하람  영남 무소속보다야 ,Politics
탕후루 프랜차이즈 대표 국감에 부른다는데  황당하네 ,Politics
    험지 출마론  부상     공천 계파갈등  뇌관 ,Politics
홍준표  천하람  사감 에  깜도 안 되는 자들이 깐죽 ,Politics
장예찬  제    의 하태경 나오는 게 총선에 긍정적 ,Politics
 최강시사  용혜인  김행  이 상태로 장관된다한들 존중 아닌 조롱 받을 것 ,Politics
홍익표  내년 총선  당 도움 안 되는 이에게 공천 줄수 없어 ,Politics
양평군  공흥지구 특혜의혹 기소공무원 징계 안 해  시효 지나 ,Politics
 안갯속  선거제 개편 제 지대  거대 양당 틈새  찾을까,Politics
예술의전당 간 한동훈   인기 폭발      총선 간보러 ,Politics
대법원장 부결 김행 퇴장 여진  이재명 방탄   인사 참사 ,Politics
홍익표  당에 도움 안되면 공천 못줘  체포 가결파에 경고 ,Politics
 정치쇼   헤즈볼라가 간 보고 있지만 중동전쟁 확전 가능성은 없다 ,Politics
총선까지 남은 반년 변수는 공천 계파 갈등 무당층 표심,Politics
 지지율  소폭 올라       여야 지지율 보합세  리얼미터 ,Politics
   이스라엘 사태 속  슈퍼 핵 항모  제럴드 포드 전진배치,Politics
내일부터 국감  문재인   윤석열 정부 실정론    이재명    한동훈  격돌,Politics
대법원장 공석 이재명 수사   대 마지막 법사위 국감   일 시작,Politics
 추석 민생 행보로 상승    지지율       부정평가는      로 줄여져,Politics
  월  일 채널  라디오쇼  정치시그널  인터뷰 전문,Politics
장예찬  김행 줄행랑 아냐  그날 밤  시간 대기했어 ,Politics
러와   년 위성 발사 계약  고육지책     누리호 활용과 엇박자 ,Politics
전여옥  김행  조국보다 빨리 물러날 수도 임명 철회해야 ,Politics
윤 대통령 지지율        올라       국힘       민주      ,Politics
정몽규 최정우 박철희 등 기업인  대거 국감 증인 소환 갑질 중대재해 의혹 추궁,Politics
조승현  정치인들  입만 열면  서민의 편  탐욕 버려야 신뢰 회복    류 정치 청산   연속 인터뷰 ,Politics
 때려잡자 김정은  외치는  쌈닭  신원식과 문민정부 국방장관 김관용의      ,Politics
대통령은 통치자 아닌 정치인 이젠 이재명 만나야 한다,Politics
수년간 지구 돌다  불시 타격  러시아 핵추진 순항미사일 진짜였다  이현호 기자의 밀리터리 톡 ,Politics
시가행진 나온  고위력 현무      과 핵억제의 톱니바퀴 안보열전 ,Politics
불복의 계절  몸값정치 민생 능멸하는 대리인 딜레마 한기호의 정치박박 ,Politics
 우리도 나간다    소속 지자체 인사들 총선 출마  잰걸음 ,Politics
이재명   당무 복귀  가능성  강서 보선 내분 봉합에 대여 전략까지 과제,Politics
정치 사회 현안  소신 밝히는 연예인들 비판과 응원 사이,Politics
 남조선  대신  괴뢰  북한 매체가  한국 을 부르는 새 방식,Politics
총선  개월 앞둔 중대한 사안     중국 응원 클릭 에  드루킹 시즌   ,Politics
윤 대통령  직접 나서 교사 숙원  수당  인상 교사 달래기,Politics
백낙청은 왜 이재명을  김대중 이후 최고 정치인 으로 띄우고 있나  송의달      ,Politics
 대만을 포위하라  압박 높이는    전략무기로 맞서는 대만  박수찬의   ,Politics
당무 복귀 임박 이재명  가결파 축출론  입장 밝힐까,Politics
  청년유감  이동학  이재명 은 수사권 보복의 전형적 사례다,Politics
규탄성명  남발  하더니  차 방류 땐  조용  야당의 힘빠진   오염수  선동 ,Politics
 정치권 말말말  김기현  이재명  내가 겁나나  홍익표  부적격 대법원장 다 거부 ,Politics
 러시아서 위성 발사  무산   혈세    억 증발 위기,Politics
금태섭  내년 총선 국민의힘 민주당 바깥에서   석 만들 복안 있다 ,Politics
이재명 영장 기각에도 대화조차 없는 정치   민생은 언제 챙길까,Politics
강서보선  명함 배포  고발전,Politics
 수박  지목 이원욱  이재명 대표에게 민주주의를 묻는다 ,Politics
중국 주재 북한 옥류관  한국인 절대 받지 마라 ,Politics
   서울이든 제주든 비행학생 처벌기준 동일해야 ,Politics
 요즘 북한은  여유로운 국제 노인절 팍팍한 노후 외,Politics
여야 극단 정치가 부른 사법 공백  정치 후진화 에 가슴 치는 국민,Politics
 도대체 몇 년째 수사냐  이재명  대장동 첫 재판서   작심 비판,Politics
이균용 임명안 부결  혼란에 빠진 사법부 전합선고 지연 어쩌나,Politics
 뉴스 즉설 후쿠시마 오염수  차 방류에도 조용한 민주당 왜 ,Politics
이준석  한동훈  총선 뛰어들 수밖에 없다   영등포 양천 강서 가라 ,Politics
김태우   당선되면 급여 단  원도 안 받을 것 ,Politics
 단독   긴축재정  외치며 잘 먹고 다닌 대통령 직속위 식사비만   억,Politics
마약소굴이라더니 불법체류자만 외국인 밀집지 허위신고 잇따라,Politics
카카오 선물하기       환불  광고하더니  년간 수수료     억,Politics
여가부의 두번째 숨바꼭질 한방 없던 민주 기자의눈 ,Politics
장예찬  경고한다   의원들 인터뷰 적극 응하라 이준석  유치해 아쉽다 ,Politics
 새누리도  진박  감별하다 폭망   수박 당도 에 비명계  펄쩍 ,Politics
 핵무력  헌법 명시 북한의 속내와 파장,Politics
입원   일만에 국회 찾은 이재명  채 상병 패스트트랙 투표,Politics
군검찰  항명 등 혐의로 해병대  수사단장 불구속 기소 종합 ,Politics
박지원   대통령에게 시련 오기시작하나요  김행랑에 이균용 부결에  ,Politics
 세계불꽃축제 바가지요금 안돼  서울시  호텔  곳 행정처분,Politics
대법원장 임명안   년만에  부결  김행   청문회 엑시트   정다운의 뉴스톡 ,Politics
 북한산 대포  러시아로 넘어간다  외교부  추가 조치 검토 ,Politics
채상병 특검 패스트트랙 표결하러 입원 중 등원한 이재명,Politics
 대통령  현직 교사 간담회  담임수당     인상 ,Politics
 검찰  박정훈  해병대수사단장 항명 상관명예훼손 혐의 기소 종합 ,Politics
국회로 가는  민노총 탈퇴 노조  기자회견 열고 국감서 증언,Politics
이균용 임명동의안 부결     년 만에 대법원장 낙마,Politics
   구청장 되면 급여  원도 안 받아     마타도어 엄중 대응 ,Politics
   교권 확립돼야  담임수당     올린다,Politics
사법부 마비사태 초래 이재명 방탄  김명수 체제  유지 노림수 ,Politics
 사법 공백  우려에도 대법원장 퇴짜   김선수 권한대행 노렸나,Politics
 청담동 술자리 의혹  김의겸 경찰 소환조사 착수,Politics
대통령실  이균용 부결에  국민 인질   김행 이탈엔  지켜보겠다 ,Politics
 단독  감사원  서해 공무원 피살사건   정부  월북 몰이   의결,Politics
윤 대통령  교원과의 대화    교권과 학생 인권은 대립 아냐 ,Politics
 프레스룸       안아주고 싶다  법정서 포옹한 이재명 박용진  진박 감별사도 처음엔 농담  뉴플리 민지숙,Politics
 노쇼  김행 인사청문회 또 파행     여가위원장 사퇴        자정까지 와라 ,Politics
이균용 임명안 오후 표결  공백 우려   인사 철회 ,Politics
윤재옥  민주  정치논리서 벗어나 대법원장 임명 동의해야 ,Politics
야  김행 자격미달 사퇴해야  여  권인숙 여가위원장 사퇴해야  종합 ,Politics
 북한  핵보유국 지위 달성  선언 임박   대선에도 개입 시도할 것 ,Politics
김행 청문회 파행    청문회 엑시트 김행랑  자진사퇴하라 ,Politics
 영상  김행 후보자 여당 동반 퇴장   인사청문회 이대로 끝 ,Politics
 반장선거보다 못해  준비된 파행    야당  윽박지르기만  박영환의 시사 번지 ,Politics
    행 방불명  김행  청문회 도중 자리 박차고 나가,Politics
 총선 바로미터  강서구 사전투표 돌입   거야 견제      윤 정부 심판 ,Politics
야 여가위원들  김행 청문회 불참에  윤  지명 철회하라 ,Politics
 뉴스앤이슈  이재명  영장 기각 후 첫 재판 출석   김행 청문회  파행 ,Politics
 이균용 운명의 날  부결 땐 헌정사상 두 번째 불명예,Politics
  대 총선  경기    진검 승부 불가피  총선  개월 앞으로 ,Politics
민주당  김행  사상 초유 청문회장 이탈 본인도 떳떳하지 않음 자인 ,Politics
이재명  내가 살아 있는 한 계속 수사  정진상 한 번 안게 해달라 ,Politics
  대 총선 최대 승부처 경기도  여야 전망 엇갈려  총선  개월 앞으로 ,Politics
이재명  법정서 정진상 포옹     내가 살아있는한 계속 수사 ,Politics
이균용    억 주식 처분 에도 민주  부결  기류 더 세졌다,Politics
 속보  이재명  검찰  내가 살아 있는 한 계속 수사  혐의 부인,Politics
 단독    이     인정    발언  사실 아니었다,Politics
오늘 이균용 임명동의안 표결    사법 공백 조장        부적격자  전운 여전  정국 기상대 ,Politics
현역의원 후원금은    억  신인은    억뿐 기울어진 선거법  기득권 선거법   ,Politics
   땐 민주     땐 국힘 이겼다 강서구청장 변수는 투표율,Politics
   김태우 철새 거주  막판 네거티브 공방    이재명 계양은  ,Politics
     발중  발만   적중  위성이 알려준  연평 포격전 진실 ,Politics
최순실 파문에도 챙긴  지소미아   박근혜 제정신이냐 했을 것 ,Politics
 외국     썼다고 해외세력  우회 접속도 가능한데,Politics
면전서  찍지마     영상 재생 유인촌  욕한적 없다 ,Politics
김행  경력   년  어떻게 김여사가 픽업했다고 하느냐 ,Politics
야당  블랙리스트 부인은 위증  공세    유인촌  왜 날 구속 안 했는지 궁금 ,Politics
   코인 받기 위해 어뷰징   김행  난 코인쟁이 아니다 ,Politics
김기현  김태우   과 핫라인  이재명  폭정 멈추는 출발점 ,Politics
유인촌  블랙리스트 없었다  두 아들 증여세도 냈다 ,Politics
민주  위키트리  코인 받으려 어뷰징     김행  난 코인쟁이 아냐 ,Politics
 많이 컸다  설전 오갔던 김행 인사청문회     퇴장 속 결국 중단,Politics
대법원장 공백 현실화하나  는  비명계  이탈표 촉각,Politics
   김행  주식파킹 의혹 수사 대상      매각 그 방법밖에 없었다 ,Politics
   블랙리스트 백서에 유인촌    회 거명        때  블랙리스트  말도 실체도 없었다 ,Politics
 매카시 해임  본 정치권  개딸 극우 유튜버에 휘둘려선 안돼 ,Politics
  국민은행  대출금리 올렸다 이자 인상 도미노 오나,Economic
전기차 수요 둔화에도   엔솔은 사상 최대 분기 이익  왜 ,Economic
블레이드      배우 최윤영과 전속계약 체결 고창석 이준영 남우현 등 한솥밥,Economic
    쿠팡  로켓배송  타고 대만도 홀렸다,Economic
 년 후 예측도 틀리면서    년 계산해 국민연금 더 내고 늦게 받기  ,Economic
세계 탄소 배출량 내년에 더 늘어난다  넷제로 실패는 필연적 ,Economic
김주현    년 주담대 비상식적 정책적 모순      동의 못해       국감 ,Economic
이장섭 의원  정유 사    개월간 전기요금  천   억원 감면혜택 ,Economic
롯데웰푸드 인도 초코파이 공장 확대,Economic
김주현  은행권 조건없는   년 주담대 비상식적 정책모순 동의 못해 ,Economic
 술값 그만 올려  정부 칼 빼들어도 식당가  맥주     원  만지작  푸드    ,Economic
박성훈 해수차관   후쿠시마 오염수 특별법 대신 현행법으로 가능 ,Economic
이스라엘 팔레스타인 전쟁      부산엑스포 유치에 변수,Economic
영업익     억   전년          엔솔   분기 역대 최대 실적,Economic
위니아에이드 상한가   대유위니아그룹 경영난에 몰리는 단기자금,Economic
  전자 전장  연매출   조  눈앞,Economic
  엔솔     영업익     억 원 분기 최대 경신,Economic
삼성전자  분기 영업익  조 회복 전망  반도체 바닥 찍고 반등 ,Economic
   년 만기 출시  정부 책임론에 김주현  사전협의 없었다  반박,Economic
금융위원장  은행   년만기 주담대  금융상품 상식에 맞지 않아 ,Economic
 갤럭시  가 먹여 살렸다   삼성  반도체  조 적자에도 조 단위 영업익,Economic
네이버 투자받은 모빌테크     억원 규모 투자 유치,Economic
  추가 금리인상  연준 인사들 의견 갈려  필요성 줄어  확신 못해 ,Economic
 중저가 아파트 씨 말랐다  경기도  억원 이하 아파트 매매 거래비중 역대 최저,Economic
 월 경상수지 넉달 연속 흑자지만  불황형    월 흑자규모는 확대  종합 ,Economic
탑머티리얼  노환진 대표  억 규모 자사주 매입,Economic
  전자 자회사      볼보 전기차에  스마트 조명  공급,Economic
더블세권 입지 갖춘  용인 에버랜드역 칸타빌    월 본격분양,Economic
사모펀드로 주인 바뀐  역전할머니맥주   올해도 가격 인상 최대     ,Economic
 조단위 영업이익  주도한 삼성  형제  분기 반등 신호탄 쏘나,Economic
이 팔 전쟁이 호재로   시총 상위주  간만의 기지개,Economic
 깜짝 실적    전자 하루 만에 하락 전환 증권가 전망 엇갈려,Economic
삼성전자  포브스 선정  세계 최고 직장   년 연속  위,Economic
오너 세 최성환     주년  그룹 모태   네트웍스 지분 확대,Economic
 고용세습 조항 삭제 거부  기아 노조  내일부터 파업 돌입,Economic
물려받은 재산  형이 더 많은데   유류분 청구는 어떻게 ,Economic
푸른기술  치과 임플란트 수술보조 로봇 개발,Economic
  기술주 분석 달인  지금부터 소형주에서 기회 찾아야 ,Economic
애플    제쳤다 삼성전자   년째 포브스  세계 최고 직장   위,Economic
중동전쟁 격화에도 국제 유가 떨어져         대 하락 핫종목 ,Economic
  월     일 수출       무역적자   억달러,Economic
증시가 파랄 때는 만기채권형        넘는 기대수익률도,Economic
동운아나텍  타액 당 측정기  디썰라이프  인도 특허 취득,Economic
삼표그룹  국내 건자재 업계 최초  한국형 재생에너지 전환  가입,Economic
임대사업자 등록해 세금만 아끼고 의무 위반   년새   만    건 ,Economic
경기도마저  중저가 아파트  줄어드나,Economic
설탕        소금        물가상승률  년 만에 최대,Economic
스타필드 수원  연말 개장     수요 적극 반영,Economic
비트나인   탈 외산       바람 타고  아젠스     파트너 모집,Economic
삼성전자  주가 하락 영업이익 감소에도  세계 최고의 직장   위 올라,Economic
카톡 선물하기로 산 주류      에서 바로 찾는다,Economic
   전자  추가 성장 둔화 우려  목표가 ,Economic
 단독  플라이강원      예비입찰  곳  본입찰 예정대로 진행  넘버스 ,Economic
 대검찰청 특수부입니다  보이스피싱 사기범   명 음성 들어봤더니,Economic
  화학  도요타와    조 양극재 공급계약 주가 강세,Economic
최정우 포스코 회장  투자 유치 위해 유럽 ,Economic
잘나가는    기업 쓸어담는다 미래에셋운용         글로벌  액티브  상장,Economic
삼성전자  올해 첫 조 단위 영업이익  깜짝 실적 ,Economic
 공장 창고 돈 안 된다  매매거래  뚝 ,Economic
   빅테크   초과 수익 지속될 것   월 조정장서도       ,Economic
토종 버거 맘스터치    도쿄에 첫 팝업 매장 열어,Economic
 굿모닝 증시  중동발 지정학적 이슈 영향 제한적 코스피 상승 출발 전망 ,Economic
메리츠   스튜디오드래곤     실적 컨센서스 하회 전망 목표가     하향 ,Economic
 구글 애플보다 다니기 좋다  삼성전자   년 연속  세계 최고의 직장   위,Economic
한투  미래에셋   해외 부동산 투자 부실  목표가 하향,Economic
한국 안 오는 유커  웃지 못하는 면세업계,Economic
 키위 식감 그대로  오리온  마이구미 키위알맹이  선봬,Economic
리걸테크 스타트업 넥서스      억원 시드 투자 유치,Economic
호텔신라    단체 관광객 회복 전망 한투,Economic
     넷마블  투자자산 가치 하락 목표가 하향 ,Economic
     포스코홀딩스  리튬가격 하락 영향에 목표주가     하향 ,Economic
글로벌   기업에 액티브 투자        글로벌  액티브      상장,Economic
     카카오   분기 영업익 컨센서스 하회 목표가     하향 ,Economic
현대백화점  실적부진 전망에 급락한 주가  분기 개선 기대 흥국,Economic
미국채 금리 하락 속  조원 규모  년물 입찰 주시 채권브리핑 ,Economic
 월 경상수지 넉 달 연속 흑자 한은   월 흑자 규모 확대 전망 ,Economic
경기  억원 초과 아파트 거래 비중       역대  최고 ,Economic
  국채금리 급등에 연준 인사들 연이은 통화 완화적 발언,Economic
 긴급진단  중동발  오일쇼크  공포           달러 박스권 전망 ,Economic
한화      리테일  시장 기대 밑도는 외형성장 목표가  ,Economic
결혼 자녀에 증여한  억  이렇게 하면 세금 한 푼도 안낸다  세테크크크 ,Economic
국민 롯데   카드 사장 연임 키워드는  위기 관리 ,Economic
재건축 상가  지분 쪼개기  막는 법안 나왔지만   원칙적으로 분양 금지해야 ,Economic
취임  년 정의선  세계  위 넘어  모빌리티 게임체인저 로,Economic
은행 예금  년 내 만기만     조 돈줄 확보 전쟁  서막 ,Economic
 출근길      중동 갈등에 국내은행 금리도  촉각     영향 제한적이지만 모니터링 필요 ,Economic
역전세 사라진 거 아녔어  강동 대장주 집주인   억  토했다,Economic
 하루천자 보통의 달리기    신호를 보내면 멈춰야 한다,Economic
대형주의 시간 온다 중소형주 제칠 종목은,Economic
뉴욕증시  국채금리 하락에 상승 다우      마감,Economic
한미동맹 성과  미국 기업만 살판난 걸 대통령님 모르십니까  이봉렬    싱가포르 ,Economic
금리 전쟁 불안에  인버스  독주 개인은 호재 베팅 왜 ,Economic
연준 인사  매파색채  사라졌다 뉴욕증시 또 상승 월스트리트   ,Economic
 반도체 바닥 찍었다는데  오늘 삼성전자  분기 실적서 확인할 것들,Economic
전쟁나자 돈은 다시  로 채권금리 급락  증시  일 연속상승  뉴욕마감 ,Economic
  전자  분기 영업익  조 육박 삼성전자 실적에 쏠리는 눈,Economic
   원 속 이순신 사라지나   유족 측    년 이용 저작권료 달라  소송,Economic
유가에 미끄러진 항공주 기름지는 정유주,Economic
앉은 자리서     억 챙겼다  국세 수수료 논쟁에 카드사  속앓이 ,Economic
성장률 뒷걸음에 이 팔 고유가 변수까지 아슬아슬 한국경제,Economic
갈등의 비용  중동 화약고 정말 터질까  마켓톡톡 ,Economic
  화학  도요타에도 배터리 양극재 공급  년간    조  잭팟  종합 ,Economic
설탕 석유값 출렁하나 중동분쟁과 엘니뇨가 몰고온 식품 에너지 수급불안,Economic
심상정  양평 고속  분석에서 인구 부풀려 경위 해명해야 ,Economic
포스코    년만에 첫 파업 위기  노조  중앙노동위에 조정신청,Economic
곽노정   하이닉스      이 청 용  반도체 메카로 ,Economic
 옆 공장에 물량 뺏겼다  현대차    갈등    공장 노조 대표 탄핵 추진,Economic
황상준 삼성전자 부사장     반도체서도 초격차 ,Economic
 이 팔 충돌 에도 금융시장 비교적 차분  유가 고리로 충격 커질 수도 ,Economic
 시행사만 수천억 폭리  뿔난 민간임대 세입자들 국회앞 시위,Economic
  램 적자터널     하이닉스  먼저 빠져나온다,Economic
 징수기관인데  무슨 역할 했나  세수 펑크  국세청 책임론 ,Economic
철근 누락 이어 구멍 뻥 골재  주차장 붕괴  검단 아파트 안전  ,Economic
김창기  정치적 세무조사 아냐 꼬마빌딩 시가 대상 넓힐 것  종합 ,Economic
 땅 사고 돈 못내      연체금  조 원 쌓였다,Economic
이스라엘 항공편 줄줄이 중단  타 노선은 큰 차질 없어,Economic
이 팔 사태 덮은 미국발 훈풍 아시아 유럽증시 상승,Economic
쿠팡이 뚫은         기업 줄줄이 잰걸음,Economic
 중기 반격 전기버스   독주 막는다,Economic
고유가인데 고속  하루     만대 질주   전력사용량    뛰어,Economic
한때 잘나갔던   전기차 스타트업   모터스  파산신청,Economic
코스피     선  턱걸이   개월 만에    선 깨진 코스닥,Economic
삼성   나노 파운드리 고객 첫 공개,Economic
천문학적 적자에도 복지엔 펑펑   포퓰리즘 에 멍든 한전 가스 ,Economic
  개 분기 만에 흑자전환 눈앞인데  요지부동  한전 주가  왜 ,Economic
   인천검단   미인증 순환골재  사용  진짜 순살        국감 ,Economic
 도와주세요  경제가 무너지고 있습니다   하영춘의 경제이슈 솎아보기 ,Economic
이팔전쟁 발발에도 버티는 코인 시장   장기전 여부가 관건 ,Economic
 스타트업 천국  이스라엘 교전 충격파 임원들도 대거 참전,Economic
이동관  악의적 가짜뉴스  사후 수정돼도 끝까지 책임 물어야 ,Economic
국내 금융사 해외 부동산 투자     조원  손실흡수능력 충분 ,Economic
 마켓칼럼  좀처럼 끝나지 않는 긴축 사이클,Economic
 술값 짬짜미  칼 빼든 공정위,Economic
중동 분쟁 우려 덮쳤다 코스닥   개월 만에    선 붕괴,Economic
      국감   억  소리 나는 은행 희망퇴직   년 간    만명에   조 썼다,Economic
  년새 주가 반토막  더는 못참아  행동주의펀드 펠츠  디즈니 이사회 노려,Economic
 파운드리 고객 모셔라  삼성       글로벌 대전 ,Economic
 집중진단  이 팔 전쟁에 국제유가  빨간불  또    달러 치솟나,Economic
 수능에 나오는 경제 금융  첨단제품에 쓰이는 희귀광물 전략자원 부상,Economic
위니아 계열사  잇단 법정관리 신청 협력사    곳 줄도산 위기,Economic
 올 초  억 하던 아파트가 벌써   억  세입자들  발 동동 ,Economic
역전세 한숨 돌렸더니  집주인 이번엔 대출이자에  속탄다 ,Economic
공정위  하도급 갑질한   공기업에 과징금   억 부과,Economic
축구엔 역시 치킨   금메달  딴 한일전 열기에 매출     ,Economic
이스라엘 리스크에 중동 건설 비상   사우디 현장 등 현재까지 영향 없어 ,Economic
산업장관  전기료 진작 올렸다면  한전 적자   정부 책임론 ,Economic
  용      출하량      년     만대 전망  연평균     성장,Economic
또다시 내리는 에코프로   이젠   만원선  위태 ,Economic
신도시 분양 속속   최중심 리딩 단지 어디 ,Economic
곽노정   하이닉스 사장  과거 방식 벗어나야 살아남을 것 ,Economic
콘서트 티켓 사기에 금융사  예적금계좌  대거 악용  인당 대포통장 수십개,Economic
원희룡  차질 없는 주택공급으로 주거안정 기반 구축할 것 ,Economic
양평군 인구  강남 구     수준인데  교통량은    배 더 많다 ,Economic
검단 아파트  미인증 순환골재 사용   안전 평가 낙제점,Economic
전쟁나도 오르는 코스피  안심은 일러 연말까진 상방보다  하방  열려 ,Economic
 노화 때문  쉽게 봤다 실명까지   눈앞에 벌레  이럴 땐 안과 가야,Economic
부동산 통계 조작으로 재건축 부담금  조 폭탄    객관적 기준 마련할 것 ,Economic
부동산원 집값 적용  재건축부담금  조원  더   통계조작 탓 ,Economic
      국감  양평  의혹에 원희룡  부당하게 외압 행사했다면 책임지겠다 ,Economic
 하도급 고혈짜는 갑질 관행  수년간 수억원 떼먹었다     억원 철퇴,Economic
포스코이앤씨  춘천  더샵 소양스타리버  분양,Economic
 저렴하게 내 집 마련  지역주택조합 아파트 짓겠다며    억 가로챈 조합,Economic
구로주공 최고   층 재건축 추진,Economic
중동 분쟁에도    증시 견조   방산주 정유주  들썩   권영훈의 증시뉴스      ,Economic
 돈 안 되는데 왜 투자     년 전 승부수가   하이닉스 미래 됐다,Economic
 헤럴드비즈  소맥과 회식을 좋아하는 태국의   들,Economic
불붙는 고유가  경제 회복 제동   비용 인플레 다시 도래,Economic
      국감 원희룡  물량 추가 확보 패스트트랙 통해 공공주택 공급 확대 ,Economic
원희룡  차질 없는 주택 공급  주거 안정 구축할 것  국감초점 ,Economic
    조 세수재추계  방기선 국조실장  송구스럽다 ,Economic
건설노조 신고 포상 횟수가 시공능력평가  좌우 ,Economic
화장품만 개발한게 아니네  아모레퍼시픽이   년간 연구한  이것 ,Economic
미래에셋        미국나스닥    커버드콜      개인 순매수     억 돌파,Economic
국세청 홈택스 상담사 임금    만원   정부 콜센터 직원 중  꼴찌 ,Economic
 호반써밋개봉  무더기  줍줍  무순위   가구 나와 집슐랭 ,Economic
 전혜인의 신상 뽀개기   김치보다 다른 재료 제품 보관해요   김치냉장고  다목적성 강화,Economic
 서민 위한다 는 최고금리    의 딜레마,Economic
한글까지 써가며 베낀 중국산 짝퉁,Economic
방문규 산업장관  수출   분기 플러스 전환 기대 원전 생태계 복원 조기 완성 ,Economic
춘천  더샵 소양스타리버  공급   수요자  만 천명 몰렸다,Economic
 년에  억씩 오른 아파트 가봤습니다  복덕방기자들 ,Economic
불붙은 중동의 화약고  유가에 불똥 주저앉은 항공주,Economic
이스라엘 하마스 무력충돌 삼성    현대차 주재원 철수하나 ,Economic
 창립   주년      실적 주가 이어 인지도 잡는다,Economic
딥노이드  의료 산업    쌍두마차     증권  텐베거 가능   오늘  이 종목 ,Economic
부산 개발 수혜  지식산업센터  펜타플렉스 메트로  분양 순항,Economic
     글로벌텍스프리  저가 매수 기회 왔다   오늘  이 종목 ,Economic
거래소  미래에셋 삼성운용      종목 신규 상장,Economic
청담동 아성 흔든다 요즘  찐  부자들 반포로 몰리는 이유,Economic
     리포트  삼성화재가 삼성생명 시가총액을 추월하는 날,Economic
 정부 부동산 통계조작 탓  재건축 부담금   조 더 지출       국감 ,Economic
코스모화학      배터리 원료 생산기술 개발  특허 출원 준비,Economic
인천 검단신도시 광역교통 개선 이행률  최저      입주민 불편 초래 ,Economic
  정부 주택공급 실적  목표대비     불과        국감 ,Economic
 모두채움 서비스    국세청 써준 대로 냈다가 세금 더 낸다 ,Economic
         년형  뉴  시리즈  사전예약  억    만원부터,Economic
최정상 드림팀 꾸린 더팰리스    반포에  주거명작 선보인다,Economic
 반도체 대장  삼성전자   하이닉스 동반 강세,Economic
박완주  위원장 단독 의결 가능한 방통위  정족수 규정 없어 ,Economic
곽노정   하이닉스 사장     선도 차별화 제품으로 혁신 ,Economic
미성년 사장  톱    평균 연소득  억 천만원   세 건물주  억 천만원 최고,Economic
롯데케미칼    범용제품 공장 매각   고부가 제품 위주로 개편 ,Economic
인도  국민 간식 된 롯데 초코파이  인기에 제 라인 가동,Economic
   년째      만원 예금자보호한도  결국 현행 유지로 가닥,Economic
엠젠솔루션  해외 공장 증설 등 설비투자 위한 유증 결정 ,Economic
  이노엔  하반기도 좋지만 내년이 더 좋다  신한,Economic
이스라엘 충격 속 가족 찾기 안간힘 하마스 춤추며 축제 분위기,Economic
코람코라이프인프라리츠  복합 리츠로,Economic
 빚투 영끌 에 지난  년간 늘어난 빚만     조      국감 ,Economic
 사라진 동전  한은 금고에 지난해보다  배 더 쌓였다       국감 ,Economic
인도  국민간식  된 롯데 초코파이 공장 늘렸다,Economic
이스라엘 팔레스타인 충돌에 유가    급등   오일쇼크 가능성 낮아 ,Economic
유진   신    중동전쟁 장기화 가능성  유가 변동성도 제한적 ,Economic
국세청의 벼락치기식 세금 부과 납세자 이의제기 시간 박탈,Economic
집주인 세입자 절반 이상  작년보다 대출 이자 부담 늘어 ,Economic
삼성바이오로직스와 달리 출발부터 롯데바이오로직스가 삐걱대는 까닭,Economic
이 팔 무력충돌에도 금융시장 큰 동요없어      우려사항은 확전 ,Economic
 소비자 요청에 재출시  버거킹  트러플 머쉬룸 와퍼  대박 행진,Economic
엘앤씨바이오  메가카티   진출로 내년 매출 퀀텀점프 예고,Economic
 년간 착오 전송 가상자산  만건대  잘못 보낸 코인 찾으세요 ,Economic
검찰  이정근에  선거법 위반  혐의로 징역  년  개월 구형,Social
연구실 안전사고  급증  윤석열 정부는 안전예산 수십억  삭감 ,Social
표예림 사망에 카라큘라  내 모든 것 걸어 책임 묻겠다  가해자 응징 예고,Social
정율성 사업 중단하라는 보훈부 권고에 광주시  위법사항   ,Social
고위 공무원 출신   대 남성 실종 사흘 만에 숨진 채 발견,Social
 스토킹 신고해서  전 여친  세 아들 살해한   대  항소심도 징역   년,Social
 국산 담배 가격  배 이상  합판에   만갑 숨겨 호주로 밀수 시도한 일당,Social
 학폭 피해  폭로한 유튜버 표예림 부산서 숨진채 발견,Social
엄동설한 산속에 개   마리 유기한   대  심 형량은 ,Social
전북      충남     부족 지방 국립대병원 전공의 인력난 심각,Social
 전세사기   가구 중  가구만 피해자로 인정 특별법 개정 필요 ,Social
현실판  더글로리  표예림씨  극단적 선택 전 다수의 고소로 경찰조사 앞둬,Social
영어 유치원 교습비 월    만원    세 고시  레벨테스트 경쟁도 치열,Social
학폭 고발 표예림씨 극단선택 전 명예훼손 등 고소 당해,Social
 제주대    억 쾌척  재일제주인 사업가 김창인씨 추도식 열려,Social
 단독   불연물 선별 로      억원 경제효과   허위 온실가스 발생량 도 줄어,Social
점심시간 쪼개 새 강서구 일꾼에  한 표  사원증 맨 직장인 대거 투표,Social
변협  새 대법원장 후보 공개 추천하겠다 ,Social
창원 마산만 쪽 해안에서 올해 첫  정어리 떼 폐사  발생,Social
검찰  이정근에  선거법 위반  혐의로 징역  년 개월 구형,Social
 재수하면 어떡하나  대입 개편에 중 도 고민 크다,Social
새벽에 음주운전하다 손수레 끌던 행인 치어 숨지게 한   대,Social
탕후루 국감장 등장 예정  단맛 중독성  니코틴과 비슷 ,Social
 가상화폐 투자  미끼   억대 사기 행각   대 구속,Social
내일 고  전국연합학력평가 시행  대구에선 고   만 천   명 응시 ,Social
대한비만학회  탕후루에 열광하는 이유  담배 마약 중독과 비슷 ,Social
 특별한 일 아니고 당연해  군인 위한 가게 또 있었다,Social
주식으로  억 빚진 남편 이혼 요구에  빚도 분할  황당,Social
 구미시대  기업이 뛴다  세계 점유율  위  영도벨벳  산업용 첨단 소재기업으로 변신,Social
세계 최고 비싼 호주 담배   만여갑 밀수 시도 일당 검거,Social
     대  출신 강사 보유하면 가산점    인권위  학벌 차별 ,Social
서울대병원 무기한 파업 돌입  천여 명 참여  의료대란은 없어 ,Social
편의점보다 건설업체가 더 많은 나라,Social
복지장관  공공의대 설립  검토는 하겠지만 신중할 필요 있어 ,Social
임영웅  또 선행 가왕전 상금 소아암 치료비로 기부,Social
 단독  제 인물을 최재경 통화로 조작   대선 허위보도  보좌관 압색,Social
유산 사산 휴가 잘 지킨 사업장   년간 위반 고작  건,Social
  대  스토킹 신고 여성과  세 아들 살해해 징역   년,Social
  분 지각  이유로 교사가 학생 목 조르고 폭행,Social
스토킹 신고에 앙심 전 연인  살 아들 살해   대   심도 징역   년,Social
    대선 허위보도 관여  민주당 김병욱 의원 보좌관 압수수색,Social
경기도  수원 전세사기 의혹  피해자 대상 지원책 설명회 연다,Social
 수원 전세사기 의혹  피해 신고    건 하루 새   건 늘어,Social
치료감호 중에 음란물 돌려본 성범죄자들  관리감독 부실 ,Social
안성 물류센터 신축 현장서   대 작업자    아래로 추락사,Social
 속보 검찰   대선 직전 허위보도  김병욱 의원 보좌관 기자 압수수색,Social
 속보  검찰   대선 허위보도 관여 의혹  김병욱 의원 보좌관 압수수색,Social
수입금지 후쿠시마 인근  개현 등록 일본활어차 작년    회 반입,Social
 친일파 들   오염수 다  먹어라    시의원  괴한에 폭행당해,Social
모텔서 낳은 아기 창밖으로 던진   대  모습 드러내,Social
 당신을 기억합니다     총리부터 배우 가수까지 무한대로 퍼지는  기억해챌린지,Social
 죽을 줄 몰랐다  모텔서 낳은 딸  층 창밖으로 던진 엄마  법원 출석,Social
 데이트폭력 당하면  흐느껴야  한다    피해자다움   뭐길래 ,Social
담양서 실종 퇴직공무원  심정지 상태로 발견 종합 ,Social
 우린 잘못 없다   표예림 법적공방 유튜버의 변,Social
    대선 허위보도 관여    김병욱 의원 보좌관 압수수색,Social
담뱃값  배 비싼 호주로   만갑 밀수출 시도 합판 속에 숨겨,Social
안성 물류센터 신축 현장서    건설 협력업체   대 노동자 추락사,Social
이병도 그림자 드리운  전라도 천년사    시민사회  당장 폐기되어야 ,Social
경기도  개 숲  대한민국    대 명품숲  선정,Social
담양서 퇴직 간부공무원 실종 경찰 수색 중,Social
현대로템  우크라전 피난민 철도 운송 기여 우크라 정부 사의,Social
 갈수록 비싸진다  영어유치원     만원인데  만 명 다닌다,Social
영남이공대   경영회계계열   학번 김무영 씨  세무사 시험 합격,Social
 뉴스       이스라엘에 발 묶였던 우리 국민    명 무사히 귀국,Social
올해 미스코리아  진  누구  유학파 디자인 전공,Social
비 김태희 집 수차례 초인종 누른 스토킹   내달 첫 재판,Social
 이게 몰카였어   비데에 달고  공유기로 위장하고,Social
성동구 대형 슈퍼마켓서 화재 발생 같은 건물   명 대피,Social
한라산에도  첫 단풍  들었네 전국 청명한 가을,Social
서울대 경북대병원 노조  오늘부터 파업 돌입  의료 공공성 강화 등 요구,Social
현재 중 부터 선택과목 없애고 내신  등급     학년도 대입 개편안,Social
부산에   만  국내 최대 규모 반려동물 테마파크 조성 계획,Social
 나라 지켜줘서 감사  군인 울린  빽다방 알바생 은   대 여성,Social
 보궐선거  강서구청장 오전  시 투표율      직전 지선보다 낮아,Social
레벨테스트   세 고시 라 불린다 유아 평균 영어 학원비 얼마,Social
김태희 비 부부 집 찾아가  초인종 누르고 스토킹한   대     개월 만에 첫 재판,Social
 아파트 입주자 회장 되고 싶다 며 아파트선관위원장에 금품 준 후보,Social
  대 마트 업주가 단골 치마 속 도촬    발각되자 휴대폰 내리쳐,Social
  표예림 유서 속 유튜버  입장 공개  법적 공방에 위기감 느낀 듯 ,Social
서울대병원 경북대병원 오늘부터 파업 돌입  진료 차질 불가피 ,Social
 사라져   죽었다   산 채로  푸들 생매장 견주의 거짓말 사건의 재구성 ,Social
 내일 총선이라면  국민의힘       민주당        서울 국민의힘  인천경기 민주당  강세 ,Social
말년병장 울린 그  빽다방 알바생  찾았다   군인들 자부심 가졌으면 ,Social
울어야  진짜  데이트폭력 피해자  틀렸습니다,Social
 굿클리닉 치매 주범  알츠하이머병     영양제 효과 없어 생활습관 개선 더 중요,Social
내신  등급 수능 선택과목 폐지 현 중 부터,Social
모텔서 신생아 던진 친모 체포  영아 살해 ,Social
오진 탓에 사망했는데 소송에 속터지는 유족들,Social
김행  대기실에 있었을 뿐 행방불명 결코 아냐       공개 요구,Social
사고 현장 덮친 버스  차 사고로  명 사망,Social
명동 거리  가격 표시제  실시   바가지 사라졌을까 ,Social
 수도권은 과밀  지방은 부족  병상 불균형도 가속화,Social
교사에 항의한 학부모 아이 항문에   묻어있어서,Social
 군인들 자부심 가졌으면  육군 병장 감동  알바생  찾았다,Social
신호 걸릴 때마다  후루룩   안쓰럽다   위험한 행동 ,Social
 오늘 아침 신문  노벨상이 주목한 성별 임금 격차      년째  위 개선 속도도 더뎌,Social
 이재명에   억 줬다  주장  조폭  박철민의 최후 진술 어땠나,Social
 나라 지켜주셔서 감사  군인 감동시킨  빽다방 알바생  찾았다,Social
이스라엘 체류 국민 중    명 인천국제공항 무사히 도착 종합 ,Social
 신동욱 앵커의 시선  시효 다한 병역 특혜,Social
잼버리 끝나자 새만금 예산 삭감 통보 원희룡  제 책임 ,Social
건국대 충주병원 또 임금체불  의료 인력 이탈  가속화 우려,Social
법사위 국감 첫날 여야   이균용 이재명 김태우  난타전 종합 ,Social
 학폭 피해  고발한 유튜버 표예림씨 숨진 채 발견,Social
 횡령액   억 원 넘어  포항시 회계 관리  엉망 ,Social
정진상 재판서 양털 코트 입고 돈다발 전달 재연한 유동규,Social
    에 잡힌 가스 폭발  명 중경상,Social
창원대 신임 총장 후보 검증 지연  대행 체제 ,Social
 아이 아빠 누군지 몰라  신생아 던져 살해한   대 ,Social
북한강변 풍광 삼킨  괴물 식물  가시박,Social
 시간 동안 병원  곳 돌아도  응급실 뺑뺑이 에   대 숨졌다,Social
유례 없는 저출산 시대 산후조리원 비용은  고공행진 ,Social
 단독  유명 암표상    년생 임   찾아라     명 속여  천만원  꿀꺽 ,Social
 이재명에   억 줬다  주장한 조폭  최후 진술 들어 보니,Social
법원  이재명  대장동  정진상  뇌물  재판 합친다,Social
유동규 법정서  코트에 넣은     만원  재연 정진상 측    월에 두꺼운 코트  부자연스러워 ,Social
한국은행에 저작권료 소송    원속  이순신 장군  운명은 ,Social
무너진 외벽  산산조각 난 유리창 상가 건물 가스폭발로  쑥대밭 ,Social
 가정폭력  때문에 옮겼는데 분통 부른 제도 현실,Social
 예루살렘 인근은 지금도 폭음 펑펑  슈퍼는 사재기로 동났다 ,Social
웅담 채취용 곰 새 보금자리로 마지막 화천 사육곰 농장 폐쇄,Social
산하기관 법카    번 긁고 자녀 도시락 심부름 공무원 갑질 적발,Social
이상민  탄핵 권한 정지  검토 필요 사퇴로는 재난예방 안돼  종합 ,Social
현 중 부터 수능 선택과목 없애고 동일시험 본다,Social
 년간 병원 공금  억 천 횡령한 직원 결국 ,Social
여당은 제방 탓 야당은 대응 탓 국회로 간 오송 참사,Social
검찰   이재명에 현금다발 전달  주장  국제마피아  박철민에 징역  년 구형,Social
검찰  이재명  조폭 연루  주장한 박철민에  년 구형,Social
대법원장 공백에    국민 피해 가중          인사 검증 실패 ,Social
서산 폭발 사고로  명 위중 부상자 극단적 선택 관련도 수사 종합 보 ,Social
검찰  김만배 소환 대장동 허위 인터뷰 의혹 전반 조사,Social
 나무 도마  갈랐더니     필로폰  와르르  쏟아졌다,Social
대구 도심 군부대 이전  군위군으로 사실상 공식화,Social
 한글로 테트리스하는 기분  한글로 그린 동식물만    편   우리말 사랑꾼  선정,Social
자녀 도시락 심부름 공무원     만원 스위트룸 공공기관장,Social
수능 선택과목 쏠림에  년만에 폐지   또 바뀌나  혼란도  대입제도 개편 ,Social
회장  재산    억 관리한더니 손실 숨긴    구속 기소,Social
대법원 국감  이균용 부결 공방    견강부회    대통령 책임  종합 ,Social
대법원장 공백 여야 공방    야당 입맛대로      대통령 책임 ,Social
국민  명 중  명  의대 정원     명 이상 늘려야 ,Social
 필로폰       밀반입 다국적 조직 검거     억 상당,Social
민주당 배임 혐의 고발에 김행  당당히 수사 응할 것  종합 ,Social
 수원 전세사기  관련 고소   건으로 늘어 피해액   억원 상당,Social
노벨경제학상 골딘 교수가 남녀 임금차  압도적  위  한국에 주는 메시지,Social
대낮 주택가서 임산부 덮친 차량 인근 주민과 소방 덕에 신속 구조,Social
경찰  모텔서 낳은 딸 창밖에 던진   대 구속영장 신청  종합 ,Social
 연예인 협박해 수억 갈취 혐의  유튜버 김용호  구속 기로,Social
 모텔에 불법 촬영 카메라 설치    대 외국인 구속송치,Social
발 구르는 세입자들  수원 전세사기  신고 상담    건 넘어,Social
 고하 선생 비롯 국내 독립운동 재평가 필요  윤 대통령도 공감 ,Social
 르포  배려 사라진 임산부 배려석  출퇴근 시간대 아니어도 만석 ,Social
  리포트  내신  등급제   통합형 수능      대입 개편안 발표,Social
 년간    여 차례    병원 공금 횡령한 원무팀 직원,Social
희망퇴직 실시에 사유 알 수 없는 해고까지     수난사 어디까지,Social
수원 전세사기 피해자 속출 경찰 신고   건,Social
이화영  오는   일 구속 만료  석방 상태서 재판받게 해달라 ,Social
고용부 장관  병원 지하철 파업에  공공책무 잊었나 재고해야 ,Social
모텔서 낳은 신생아 창밖 던져 살해한   대 친모 구속영장 신청,Social
김행  민주당 고발  환영한다 당당히 수사에 응할 것 ,Social
양평고속  국지도  기능 중복  김건희 일가 땅  특혜의혹 ,Social
      대입 개편안  내신등급 유리한 과목 쏠려 고교학점제 퇴색 우려,Social
서울대병원  내일부터 파업 돌입 일부 진료 지연 우려,Social
김영걸 목사     회 부총회장 취임 감사예배 드려,Social
 단독  배재정  의원 관련 사무실에서 발견된  입당원서    결정적 물증되나,Social
 영상  범퍼가 너덜너덜  저 차 뭐지  경찰 눈썰미에 딱 걸렸다,Social
 아직도   대 금리 쓰세요   김동연 시석중 콜라보  경기 기회   특례보증 시행,Social
 년간    차례  가상환자      억 천 가로챈 원무팀 직원,Social
 이 팔 전쟁  한국서도 고국 걱정에 전전긍긍 의견 달라도  평화  한목소리,Social
 개월 아들 학대 방임한 친모에 항소심서도 징역   년 구형,Social
 역대 최대 규모      회 전국체육대회   일 개막,Social
정유정 반성문   번 제출했다 재판부  반성인지 아닌지 헷갈릴 정도 ,Social
서울대병원 노조  내일 파업   건보 노조도   일까지 순환 파업,Social
서현역 흉기난동범 최원종 정신감정 의뢰   테러범이나 마찬가지  유족 반발,Social
지금 중 부터 수능 선택과목 폐지     년도엔 내신  등급도 없다,Social
 이스라엘 맞선 저항 정당  한국서 팔레스타인 이슬람단체 지지 집회 열린다,Social
주차장 붕괴 인천 검단아파트   미인증 순환골재  사용  개동     등급,Social
 중학교  학년 주목  수능 선택과목 폐지와 내신  등급제,Social
이주호  수능 공정성 높이겠다   수능 선택과목에서 공통과목으로 종합 ,Social
 대입 개편 선택  심화수학  도입되면 업계  주요대 의대엔 필수될 것 ,Social
홍준표  신청사 여론 조사 결과 따라 정할 것 신공항 화물 터미널 논란 경북도가 나서야 ,Social
관악구 모텔에 카메라 설치해    명 불법 촬영 중국 국적   대 남성 구속,Social
 원하는 건 오직 평화  이 팔 전쟁에 유대인도 무슬림도  확전  막아야,Social
 몰래 대화 녹음 협박 아내의 억울한 죽음 진실 밝혀달라 ,Social
 대입 개편 교육부  수능 학습량 그대로 탐구문제 내년 하반기 공개 ,Social
대입 개편      과목 줄어도 쉬운 수능 아니다 ,Social
이제 교권침해 당하면      로 긴급신고 ,Social
 로펌 고수익 논란  권영준 대법관  상고심 사건   건 회피,Social
 년 연속 전남지역서 신임 법관 배출 못해 수도권 출신      ,Social
도시락 공유      끊기  본가  허리띠 졸라매는 청년들,Social
 포르쉐 팔아 투자금 갚아라  감금 폭행한   대 실형,Social
 달간 식사 못해 영양결핍에 쓰러진 주민등록 말소   대,Social
수능 응시과목 늘고  심화수학  신설 검토까지   학습부담 사교육 증가 우려      대입개편 ,Social
    학년도 수능  문 이과 같은 시험 치른다 고교 내신     등급 ,Social
군검찰 기소된 박정훈 대령 측   부당한 목적의 기소권 남용 ,Social
현 중 부터 고교 내신  등급제로 수능 사탐 과탐 모두 응시해야,Social
 대입 대수술  수능 과목   개로 축소  내신  등급제 전환,Social
경기도   자녀 이상 생애최초 주택구입 가구에 취득세 면제,Social
      대입 개편안  문 이과 벽 허물어 융합학습 유도 내신  등급       로 확대,Social
하태경 떠난 부산 해운대갑 격랑 속으로 누가 채우나,Social
뷰노        인공지능 기반 뇌 정량화 의료기기 인증,Social
정유정 반성문   번 제출 판사  반성인지 아닌지 헷갈려 ,Social
서울대병원 노조  내일 파업 돌입  일부 진료 지연 우려 ,Social
대법  포괄임금제라도 기본급은 최저임금보다 많아야 ,Social
유성엽 등 등판설에 윤준병  중진들  전북 위해 한 일이 뭐냐 ,Social
일렁이는 은빛 억새밭이 품은  정원   서울정원박람회  열려,Social
 새빛수원  오색찬란한 빛으로 물든  수원의 가을밤 ,Social
 하루가 멀다 하고 내 얘기    나솔  옥순  영숙에 전면전 예고,Social
청주 오송 참사 유가족 생존자  오송 참사 부실 대응 밝혀내라 ,Social
이충원 경북도의원  신공항 화물터미널 의성 설치하라 ,Social
고령 운전자 교통사고 느는데 면허 반납은  년째   대     국감 ,Social
 반성인지 헷갈려  반성문 제출한 정유정에 재판부가 한 말,Social
  년 전 토지 취득절차 증명 못한 청주시  소유권  승소한 사연,Social
평균 연봉  억원 넘는   세 고등학생 어디서 일하나 보니,Social
정신감정 신청한 최원종에 유족들  반성은 우리한테 해야지 ,Social
개표결과까지 뒤집혔다 국정원  선관위 가상 해킹,Social
광주 광산구  시설관리공단  경찰공문 무단삭제  혐의 고발,Social
학생연구원 인건비  억 빼돌린 경북대 교수  혐의 인정 ,Social
경찰 재수사 거부시  이 수사 보완수사 경찰 전담 원칙 폐지,Social
 간 큰  공무원 산하기관 법카    번 긁고 직원에 자녀 도시락 심부름,Social
 오늘은 못 참지   한일전 에 치킨집 전화통 불났다,Culture
 가장 아름다운 복수는 용서지요 ,Culture
 퇴근길 날씨  큰 일교차 유의 내일 청명한 가을,Culture
 불공정 계약서 종합세트였다     검정고무신  작가 부인 호소,Culture
중증 우울증 환자   만명 시대  약만큼 좋은 우울증 극복법,Culture
 팔레스타인 기독교인을 위해 기도해주세요 ,Culture
유인촌  국감장에서  서른즈음에  노래  웃음 터진 까닭은,Culture
김홍신  이념갈등 여전히 심각 용서안하면 자신까지 죽여 ,Culture
  일     임시이사회 신임 사장 임명제청 여부 결정,Culture
내일 아침 쌀쌀 낮 선선    동해안 너울성 파도,Culture
  년간 마음속에 숨겨둔 소설 완성한 김홍신,Culture
 저녁 날씨  큰 일교차 유의 선선한 가을,Culture
 자기 생애 전체를 통해 유쾌하게 끝까지 정진하면 돼요   인터뷰 ,Culture
사람들 앞에서 말하기도 겁나   불안장애   가지 신호,Culture
    여편   남긴  사랑의 시인  김남조 별세 향년   세,Culture
 항문없이 태어나     아기 평생 배변활동 어떻게 할까,Culture
엽산은 임신 후 섭취  실수로 먹은 감기약은 태아에 치명적  임신    ,Culture
 고기로 상추 싸 먹을 판  농담 아닙니다,Culture
     대박 노린다   바이오  자가면역질환 시장  눈독,Culture
 검정고무신  작가 부인  형설앤  문체부 시정명령에 무대응 ,Culture
 날씨  전국 맑고 큰 일교차 강원 영동 흐리고 강풍,Culture
외국인 관광객        서울  방문 쏠림현상   년째,Culture
늦은 임신 걱정된다면  이런 검사  추천,Culture
 여름휴가 황금연휴 특수 여행사   분기 실적 날았다 ,Culture
아침저녁 쌀쌀한 완연한 가을날 강원영동 낮 한때 비 조금,Culture
 날씨  광주 전남 완연한 가을 날씨 큰 일교차 주의,Culture
청소기 밀고 빨래 널 때    오히려 스트레스 풀린다 ,Culture
테슬라도 제쳤다  세계 전기차 판매 절반은     위 업체는    ,Culture
 단독  대통령실 관리 미술품    점  청 수장고에 사실상 방치 ,Culture
 날씨  완연한 가을  강원영동 비 당분간 큰 일교차 유의,Culture
 잠 줄이고 일할 때  이러면 행복할까 삶의 만족도  최고  수면 시간은,Culture
 낭만야영  산 친구의 우정은 전우만큼 진하다,Culture
 출근길 날씨  아침과 낮 기온차 커 강원 영동 비 조금,Culture
조용히 자던 아이가 울고불고 소리 지르며 깬다     증 일 수도,Culture
 날씨  오늘 쾌청한 가을  일교차 주의   출근길  짙은 안개,Culture
밤사이 내린 비 출근길 어제보다 더  쌀쌀   일교차 큰 날씨,Culture
 카드뉴스      년   월   일 오늘의 운세,Culture
연예인도 못 피하는 새치   젊은 나이  흰머리  왜 생기나,Culture
 지구 온난화 현장  헬기로 로키산맥 정상까지 그곳에도 기후변화 그림자가 ,Culture
조민  음원수익 얼마기에  약속대로  사료      기부,Culture
역사의 도시는 여전히 역사 위에 서 있다  가자  서쪽으로 ,Culture
 날씨  내일 늦은 오후부터 중부 비 해안가 너울 주의,Culture
언덕많은 리스본  꼭 필요한 이것,Culture
코로나   백신 맞고 몸살기운 있으면 좋은 소식 ,Culture
   월 태풍    호 볼라벤 북상 중 한반도로 다가오나,Culture
여행하기 쉽지 않은 도시 나폴리  듣던 대로였다  가자  서쪽으로 ,Culture
 영상   젊은 여성 집중 납치 시신의 바다  하마스 기습공격 목격 증언,Culture
 강해 설교 종말을 맞이하는 성도   종말의 끝날,Culture
배에 만져지는 덩어리  알수록 빨리 보이는  간암 신호들 ,Culture
건강백년길을 걸었더니     살까지 건강하게 살 것 같네,Culture
심장이 갑자기  콩닥콩닥   심방세동  뇌졸중 위험  배 높아져,Culture
덴마크 인생학교에서 세종대왕님을 찬양하다 ,Culture
그림  백작 부인의 죽음 이 보여준 중요한 사실,Culture
흐리고 비오는 한글날   돌풍에 천둥 번개까지,Culture
 디깅 트래블 수라상 오르던 김 항암효과 인정받은 새우젓 한자리에,Culture
  호 태풍  볼라벤  발생  가을 태풍 한반도 상륙할까,Culture
아무리 노력해도 빠지지 않는 살  문제가 뭘까 ,Culture
주사 한 방에  억     만 원인데       는 효과 못 봤다 ,Culture
태풍 볼라벤 북진 중     년 이래    월 태풍  없었는데  경로는,Culture
 수입 전기차  믿을 수 있나  국내 전기차  만 천대  배터리 상태 진단 불가     대중  대가 수입차,Culture
 부족하면 면역력 뚝   쌀쌀해지면 챙겨야 하는 영양소  식탐 ,Culture
밥 한 공기 뚝딱  찌개의 계절 주말  ,Culture
환절기 감기인 줄 알았는데  증상 비슷한  뇌수막염  일수도,Culture
 날씨  오늘도 큰 일교차 유의   영동 남해안 제주 비,Culture
제주 남해안에 늦은 오후부터  동해안에 밤부터 비,Culture
집에서 누워만 있으면 휴식  효과적인  주말 재충전  방법,Culture
동료와 땀 흘리며 자극도 팍팍 힘든 운동  함께라면 할 수 있어      ,Culture
 저는 포르셰입니다 로 자기소개 강력한 열쇳말로 시작하라,Culture
 사업 부진 노조 리스크 앞으로 남은 과제들 정의선 회장 취임  주년  ,Culture
자연광 노출  당뇨 예방에 도움 준다,Culture
 출근의 궁극적 목적은 퇴근     워킹데드 해방일지  책과 삶 ,Culture
상속받은 대저택의 룸메가 유령이라면    고스트  오마주 ,Culture
야생에서 채취한  이것   공짜라고 좋아하기엔 독 위험,Culture
갑자기  삐  하는 이명과 함께 귀가 먹먹해진다면 ,Culture
먹태깡    노가리칩  맥주 맛 살리는 안주 과자는       ,Culture
 타임머신 같이 생겼네    예약    만대  사이버트럭 온다  백수전의  테슬람이 간다  ,Culture
매일 마시던  이 음료   항문 가렵게 만들어,Culture
 내가 해봐서 아는데  라는 부장의 말  이젠 안 통한다,Culture
 부슬부슬 가을비  일교차 대비하고 떠나요 연휴날씨 ,Culture
테슬라 모델  모델   가격 또    만원 인하,Culture
지구를 배려하는 제주도  또시  여행법 지구용 ,Culture
 간질간질  피부 건조증   각질 제거 몇 번해야 하나 ,Culture
조기 유방암 환자  유전자 재발 예측 점수 낮아도 주의,Culture
드론이 무려    대  역대급  예고,Culture
 한번에    억 항암제 킴리아     는 의미 없었다 ,Culture
현대차 기아  내년   월부터  서 테슬라 충전기 규격 탑재,Culture
 머리가 좀 아파서         만원짜리 청구서 날아옵니다,Culture
 차값을 왜 내려 도대체   이 자동차기업 주주들이 뿔난 까닭,Culture
살과 함께 건강도 사라진다 다이어트약의 배신,Culture
 약손   폐암의 진단과 치료  폐암의 유전과 가족력,Culture
혀에 낀 하얀 백태   이 질환  신호 ,Culture
 사이클  달리기  수영 번갈아 하는 크로스트레이닝 철인 종의 시작  양종구의    세 시대 건강팁 ,Culture
호두 조금  녹차 한잔   뇌졸중 위험 낮추는 식품들,Culture
 연세   의원 인데 연세대 출신 의사가 없다  알고 보니 ,Culture
일곱 왕자의 절  칠불사     아 형 온돌  민속유산 지정 예고,Culture
 천년온돌  하동 칠불사 아자방  국가민속문화유산 지정예고,Culture
 이건 못 참겠다    한국관광공사 미식여행지  곳 추천,Culture
 날씨  아침 기온 뚝   어제보다 쌀쌀 일교차 벌어져,Culture
아플수록 숨기는 고양이   세심한 관찰 정기적인 건강검진 필요 ,Culture
싼 맛에 보조금까지  전기차 안 팔리는데 중국산 테슬라 모델 만 훨훨,Culture
이번주 토요일 여의도 세계불꽃축제  도로 통제 구간 미리 확인하세요 ,Culture
    억원 기부한 주윤발  난 쌀밥 두그릇이면 충분 ,Culture
  월 말 시작하던  서리주의보 가 벌써  내일 체감온도  도 ,Culture
 밤 악취 못 잡고  농도에만 집착  행정 협조 부족    꽉 막힌 냄새관리  출구 없는 사회적 공해 악취 ,Culture
국물은 붉은데  매운맛은  도 없다   라면이 설마 ,Culture
 따거  주윤발 클래스는 영원하다,Culture
 추석 때 시킨 택배 언제 옴   오늘이 택배사엔 추석 물량  피크 ,Culture
경찰기마대 헌신한 말  팔면 끝   최소한의 예우 복지 필요 ,Culture
 실종설  판빙빙  공백기  마음 가라앉힌 시간   누구나 삶의 기복 ,Culture
한달간   대 팔았다 현대차에 무슨 일,Culture
요일제 공휴일 시행되지 못하는 이유는  궁즉답 ,Culture
 실종설  나돌던 판빙빙  색다른 경험했다  주윤발   영화 부상 고무적 ,Culture
 내일 날씨  오늘보다 더 춥다  체감 온도  도 안팎 곳곳 얼음도,Culture
유인촌  두 자녀 아파트 매입 관련 증여세 납부했다 ,Culture
가을만 되면  훌쩍  알레르기로 고생한다면 이 시간엔 환기 피하세요,Culture
유인촌  블랙리스트 재조사  이왕 한다면 노무현 문재인 정부까지 ,Culture
몇 개월 동안 집에서 발만 동동 내년부터 상급종합병원 간호사  같은 기간 면접 시행,Culture
유인촌     정부선 블랙리스트라는 말 없었다 ,Culture
비엣젯 항공  부산 푸꾸옥 직항 노선 개설,Culture
영웅본색의  따거  주윤발   후회는 없다    큰형 의 면모  엄형준의 씬세계 ,Culture
명절 잔칫상 즐긴 뒤 악화된  치질   환절기엔 더 주의를,Culture
 조황  창원 유등수로     대물 붕어  입질 ,Culture
 죽을힘 다해 왜선    여 척 격파  이순신 장군이 기록한 부산포 대승,Culture
 근교산 그너머         양산 천성산 화엄벌,Culture
 이한우의 간신열전        공자의 명     노자의 명   ,Culture
 날씨   찬 공기 남하  태풍 막았다    오늘 산간 첫서리 얼음,Culture
몸싸움까지 일으킨  셰리 위스키 의 오크 통은 어디로 갔나 김지호의 위스키디아 ,Culture
 쿠팡 대표번호 였는데  알바 구인 문자  스미싱이었다,Culture
 오늘의 날씨  아침 최저  도  뚝  강원산지에 얼음,Culture
요즘     은 소맥 와인보다  이 술   맛도 좋은데 배달도 되네  ,Culture
 라인  날씨  밤사이 기온 낮아져 출근길  쌀쌀 ,Culture
내일 강원 산지 첫서리 얼음 관측 예상  평년보다 보름 빨라 ,Culture
배에서 꾸르륵  설사   이 음식  먹었다간 더 악화,Culture
 생활날씨  밤까지 중부 전북  비  찬공기 유입  내일 출근길 쌀쌀,Culture
 명칭과 의미 마음에 안 들어   올드머니 룩 에 소비자가 뿔났다 ,Culture
혈압 정상이어도  이 증상  있으면 위험,Culture
현대차 러시아 철수설  텔레그램 타고 퍼져 반박설도,Culture
  년 만에 광고 뜬 이효리 전지현 제니 이어 또 빅모델 나섰다,Culture
유산소 운동하기 전   이 음료  조심해야 하는 이유,Culture
 뉴스  날씨  밤사이 기온 낮아져 출근길  쌀쌀 ,Culture
 요일별로 해놨어  챙겨 먹어  약 소분   약발  안 떨어질까,Culture
조민  정치 입문 가능성 거의 없다 아버지 후광이라 할 것 ,Culture
우윳값 올랐지만        빵값 인상 안한다 ,Culture
 조용준의 여행만리 낭만 가득한 가을밤으로의 여행,Culture
 날씨  연휴 끝나자  한기  남하   내일 산간엔 첫서리 얼음,Culture
명절 연휴 불어난  내 뱃살    안빼고  주 지나면 큰일난다,Culture
여자 청소년 우울증 급증 그럼   대 남자 머릿속 뒤흔든  이 질병 은,Culture
 날씨  중서부 비  밤사이 기온  뚝    내일 올가을 가장 쌀쌀,Culture
핀란드 에스토니아 해저가스관 파손   고의훼손  됐다 ,World
하마스보다 강력한 헤즈볼라 결국 개입하나 레바논 접경서 교전 확대,World
   장사정 미사일도 조기 배치 검토,World
중동 외교 실패 유가 급등 지지율 바닥   재선 도전  바이든  카터 전철 밟나,World
   세계 최초 아스팔트 수소 연계 프로젝트 추가지원 미개척  원전수소 분야 개척,World
전해조 기술 풍부한 풍력자원  그린수소의 꿈  준비하는  ,World
 영국 수소 전략 르포    천연가스 대신할   수소에너지의  대 강점,World
헝다에 이어 비구이위안도 디폴트 위기   부동산 수난시대  뒷북 글로벌 ,World
 최고령 스카이다이버      세 할머니  기록 일주일 만에 사망,World
  국무장관  이번주 이스라엘 간다,World
케네디   대선 무소속 출마 선언  바이든 트럼프 구도에 변수 ,World
 국무    일 이스라엘 방문     현시점에서 군사작전 계획 없어   이 팔 전쟁 ,World
우여곡절 끝 개최     금  마이클 잭슨 첫 내한공연 뉴스속오늘 ,World
중동전쟁으로 금리인상 중단 기대  미증시 일제 상승 상보 ,World
 에콰도르 대선       최연소    첫 여성  임기는  년여 불과,World
미국    세 할머니   최고령 스카이다이버  등극  일 만에 영면,World
젤렌스키  이 팔 전쟁으로 우크라에 대한 관심 분산될 위험 있어 ,World
이스라엘  레바논  로켓   발 중  발 요격 시리아  다수 포탄 발사  종합 보  이 팔 전쟁 ,World
성장률 내리고 물가 올리고  전 세계에  스태그  경고등,World
이스라엘군 가자지구 진입 임박 헤즈볼라 이란 개입하나,World
이스라엘  침입한 하마스 병력 정리   시신     구 확인,World
 미모의  교사  율동 하나로   년치 월급 다 벌었습니다 ,World
 중동전쟁으로 확전   이란 헤즈볼라가 최대 변수로  이 팔 전쟁 ,World
 역외채무 못 갚아  비구이위안 디폴트 가나,World
대통령 취임 후   번째 생일 푸틴  지지율    ,World
무소속 출마 선언한 케네디   대선 판도 흔들까,World
수개월 간 하마스 공격 암시한 이란 서안지구로  확전  노린다,World
대규모 동원령에 인력난 우려 커진 이스라엘  테크 허브 위상 흔들 ,World
투자자들   중동 위기 에 일단 차분 변수는  이란 확전  이 팔 전쟁 ,World
네타냐후  하마스는     피의 보복 예고 헤즈볼라 참전 최대변수,World
인간방패 현실로 하마스  이스라엘 인질 중 최소  명 살해,World
 증시  이 팔 전쟁에도 상승 마감 닛케이지수       ,World
이스라엘 내 한국 국민    명 오늘 귀국행  피해 접수 없어,World
     개발원조 즉시 중단   인도주의적 지원은 계속  혼선   이 팔 갈등 놓고    내 이견 노출,World
 이스라엘 돕겠다     항모 급파 이어 추가 무기도 지원 이 팔 전쟁 ,World
글로벌 광산업계  구리 공급 부족  탈탄소 전환 발목 ,World
 페소는 쓰레기  아르헨  극우  대선후보 발언에 페소화 가치 급락,World
 중동 위기에 리더십 필요     해임 불명예  매카시 전 하원의장   재등판  저울질,World
가자지구 이집트 국경 폐쇄 가자지구 전면 봉쇄령 여파,World
 영상  생방송 중 미사일  펑  이스라엘 접경 일촉즉발,World
제레미 리프킨  한국  복원력 강한 나라 다른 나라에 영감 줘 ,World
이스라엘 한국인 관광객 오늘부터 철수,World
   이스라엘에 미군 파견 없어  국민 긴급대피 적극 고려안해 ,World
미영프독이탈리아 등    정상  하마스테러 규탄 이스라엘 자기방어 지지 ,World
미국 영국 독일 등  개국 정상  하마스 지독한 테러 규탄 이스라엘 지지 ,World
백악관  이란  하마스 공격 직접 지원했다는 구체적 증거 없어 ,World
중동 무력 충돌에 국제유가 급등     주가는 상승,World
 민간 건물 공습하면 인질 처형   하마스  이스라엘에 경고,World
이스라엘 공격으로 레바논 헤즈볼라 대원  명 사망 확전 여부 촉각,World
   면전에서  실망했다   시진핑  관계 망치지 말자 ,World
 이스라엘  지상군 전면전 가능성 커  아이언돔 뚫린 건 과장   한판승부 ,World
미국 등 서방  개국 정상 공동성명  하마스 규탄 이스라엘 지지 ,World
볼티모어 입항  해군 전단  한미동맹   주년  더 발전하길 ,World
세계 항공사들 이스라엘행 운항 중단  언제 로켓 맞을지 몰라 ,World
러시아  국제우주정거장에서 냉각제 유출  승무원들은 안전  ,World
미 영 프 독   정상  하마스 테러 규탄  공동 성명,World
미영프 등    정상  하마스 테러 규탄 이스라엘 자기방어 지지 ,World
 이스라엘  미국에 가자지구 침공 뜻 전달  사망자 최소     명,World
미영프 등  개국 정상 성명  하마스 테러 규탄 이스라엘 자기방어 지지 ,World
 미국과 이스라엘은 동반자  바이든   대통령 반 이스라엘 진영에 우회적 경고,World
 속보  이스라엘  가자지구 주변지역 통제권 회복 ,World
이스라엘 하마스와 사흘째 충돌  가자지구에 지상군 투입하나,World
쓰나미주의보 내린 일본 해안  원인은 모른다 ,World
 싸울 의지 없다   년 속였다 이스라엘 허 찌른 하마스 교란술,World
독일  개주 지방선거서 여당 참패 보수 극우당 약진,World
 평화 아니다  폭력뿐   하마스 리더 무함마드 데이프  주목 ,World
 변화했다 믿었지만 틀려  하마스  제재 완화 틈타 공격 준비,World
       통화긴축 길어진다 증시 공포지수  개월만에 최고,World
 이 팔 전쟁   끝장 보복  예고 이스라엘  가자지구에 지상군 투입할까,World
이번주 세계 미리보기    이스라엘 팔레스타인 무력충돌    차 중동전쟁  확전 우려 월드콕 ,World
  만 예비군 동원 이스라엘  하마스 격퇴  지상군 투입 임박  영상 ,World
     정부탄압으로 팩트체크 조직들  모멘텀  떨어져 ,World
 상원대표   에 이스라엘 지원 촉구  악랄한 공격 규탄해야  종합 ,World
이란  팔레스타인 지지하지만 이스라엘 공격에 개입 안 해 ,World
현지서 네타냐후 책임론  위험 식별 실패  상대 무시 외교 ,World
서방  이스라엘 하마스 충돌에 유대계 시설 치안 강화,World
  제약사 브리스톨마이어스  항암제 개발사 미라티 인수,World
불안해진 중동   이란 대리전으로 이어질까,World
이란 자금동결 풀어준 바이든 행정부 당혹 미국 정쟁 비화,World
 원인도 아직 몰라    태평양 연안 곳곳  쓰나미 주의보 ,World
미국의 오판   하마스 기습  일전 안보보좌관  중동 요즘 조용 ,World
  파워볼 복권 당첨금   조원  역대  위  맞으면  대박 ,World
 시간  분  초 키프텀 마라톤 세계신기록 그의  서브    낙관하는 이유,World
아프간 강진 사망자     명으로 늘어 유엔  긴급지원 ,World
오염수 방류 후    화장품도   수출 타격,World
김대중 오부치 선언   주년   서도  당시 정신 계승해야 ,World
 중동판        이 하마스 피의 전쟁,World
 르포  아르헨 대선       극우 돌풍  밀레이  이변의 주인공 되나,World
  공화당 의원의 탄식  후원금 위해 정치하나  역겹다  장성관의      ,World
이스라엘 가자 사망자  천명 넘어 음악축제장서 시신    구 종합 ,World
   군함 전투기 이스라엘 인근 배치 군수품 운반도 시작,World
   이스라엘에 항모전단 전진배치 전투기 증강 안보지원 착수,World
  세계 최대 핵추진 항모 이스라엘 인근 배치  전투기 증편,World
아프간 규모     강진에     여명 사망,World
정보전 참패 모사드의 굴욕  철벽  아이언 돔 도 속수무책,World
바이든 이스라엘 추가 지원 지시 하원의장 공백에 차질 우려,World
독일  팔레스타인 재정지원 재검토 예고,World
미 국방  세계 최대 핵추진 포드함  이스라엘에 전진 배치할 것 ,World
바이든  백악관에 이스라엘 추가 지원 지시,World
슈머      기업에 불공정    매체     지역분열 조장 ,World
 모사드    도 놓쳤다    하마스 기습 공격에 이스라엘 정보기관 굴욕,World
아프간 북서부 규모     강진 사망    명 유엔  사상자 증가 예상 ,World
레바논 헤즈볼라도 이스라엘 공격      중동전쟁  번지나,World
하마스  중동 해빙 에 찬물 이스라엘 사우디 협력 무산 위기,World
중국 관영지  미 인도 태평양 전략 비난  분열조장 대결선동 ,World
제임스웹  오리온 성운서 목성 크기의 신비한 천체 발견,World
내연기관 차량 판매금지 연기  친환경 피로감 노린 수낵의 한 수,World
일본 자위대 구인난에 일부 계급정년 한살씩 올리기로,World
이스라엘  하마스 파괴 선언    가자지구 전기 보급 끊는다 ,World
 이 팔 전쟁  이스라엘판      쇼크  하마스 폐허 만들것  피의 보복 예고 종합 ,World
      월 자체 개발    칩  아테나  공개 전망 엔비디아     의존도 낮춘다,World
미  중국 기업   곳 무더기 제재 중  모든 조처 취할 것 ,World
네타냐후 총리  하마스에 철저한 응징  길고 어려운 전쟁 시작 ,World
새벽 기습에 이스라엘 안보 뚫렸나 모사드      깜깜이 ,World
  반도체 수출통제  오픈소스 설계 기술까지 확대하나,World
사우디 보란 듯 하마스 지도자  이스라엘과 수교해도 실익 없다 ,World
전면전 막 올랐나 이스라엘  하마스에  전쟁 돌입  선포,World
  전문가들  이스라엘판        세계 최강 첩보기관의 명백한 실책 ,World
 러  자포리자 추가 요새 건설하며 방어선 강화    국방성 분석,World
아프간 헤라트서     규모 강진    명 사망     여명 부상,World
바이든  미 중 정상회담 미확정   가능성 있어 ,World
   홍콩 관할기관 강화  홍콩의 중국화  가속,World
    일 황금연휴  국내 관광 연인원  억 천만명 매출    조,World
포르투갈 미인대회서 트렌스젠더가 우승 미스 유니버스 간다,World
 자막뉴스     이 정도였나   전망 산산조각 낸 수치에  깜짝 ,World
노벨상 수상자   명  우크라 난민아동 위해 부호들이 기부해야 ,World
불안에  핵핵 거리는 한반도 핵 고도화    압도적 힘,World
 아프간 이주자 추방  파장에 파키스탄  불법 이주자만 해당 ,World
 협상 진전    자동차노조  파업 확대 중단,World
 한국인 가장 많이 이주한 나라는 어디        가 영어권 국가,World
 자동차노조  파업 확대 중단   배터리 공장 등 쟁점 협상 진전,World
 자동차노조  파업 확대 중단  배터리 공장 등 쟁점 협상 진전,World
    기업   곳 제재  러에  기술 군사용반도체 등 공급  종합 ,World
포르투갈 최고 미녀에  트랜스젠더  선정  미스 유니버스 간다 ,World
네덜란드 이어 또 나왔다 포르투갈 미인대회 우승  충격적 실체,World
북러 무기거래 시작했나  국경서 역대급 화물열차  종합 ,World
   홍콩 관할기관 강화 지속 더 속도 붙는  홍콩의 중국화 ,World
 사우디  미국에 원유 생산 늘릴 의향 있다고 전달   이스라엘 합의  의식한 듯,World
또 한번의 겨울 우크라  전력망 사수  총력   원호연의     ,World
트럼프가 미는 새 하원의장 후보     올림픽 출전할 뻔,World
 오염수가 계속 생겨나면 어떻게 하죠   도쿄전력의 대답은,World
 국제 무대서 고립된 한국 기자들 해외로 눈돌리면 기회 많아 ,World
 핵폐기물 해양투기 막았던 일본  그래서 더욱 비극적 ,World
젤렌스카  뉴욕서   억어치  명품 쇼핑   팩트는  가짜 뉴스  뉴스위크,World
푸틴  우크라   월 대반격 이래  만 명 잃어 ,World
인도 히말라야 빙하호 범람해 최소   명 사망 수십명 여전히 실종,World
트럼프 비판했던 바이든   이민자 차단  국경장벽 추가 건설,World
     대만 유사 앞당겨질까 우려해  토마호크 조기도입 ,World
 자막뉴스   큰손  사우디도 포기한      월드컵   개최국은  여기 ,World
푸틴  프리고진 사망  전용기 내부 문제 시신서 수류탄 파편 ,World
 흘러내리는 태극기  올린     만 유튜버   한국 망해간다  비판  왜 ,World
 대만인과 결혼  출신 여성   방문했다 체포  반간첩법 영향 ,World
 아무나 차 못 끌어  싱가포르서 자차 소유할 자격 얻으려면   억원 ,World
 주윤발 중국 정부 검열 발언  웨이보서 삭제 일각선 안전 우려도 ,World
 서  외교차량  불법선팅  망신    방송  한국서나 그렇게 해라 ,World
핵실험 운 띄우는 푸틴 핵증강 박차 가한 시진핑 종합 ,World
 챗    개발한 오픈    자체    반도체 생산 모색 ,World
멕시코 국경장벽 비난하던 바이든     도 입장 바꿔 건설 재개,World
 후쿠시마 원전 오염수 추가 발생 방지 대책  사실상 불투명,World
이라크  내년  월 일부터 달러 현금인출 거래 금지,World
 한일  정권 달라져도 변함없는 관계 구축 필요 ,World
 이사 파티 참가비 가     만원  갑부들 일본행 택한 이유  세계 한잔 ,World
 에어비앤비 사상 최대 업데이트   집 빌리기  너머 노리는 것,World
 미국민  북한 남침시 미군동원에 찬성     반대     ,World
미국  시리아서 동맹 튀르키예 드론 격추  유감스러운 사건 ,World
푸틴  신형 핵미사일 시험 성공  핵실험 재개 가능성 경고 종합 보 ,World
  흑인 진보학자 웨스트  대선 완주할 것 양당제 바꾸겠다 ,World
   페루 전력 항만프로젝트 등에 공격적 투자 영향력 확대,World
극우가 몰아낸 하원의장   더 극우 가 접수할 듯   미국 민주주의 위기 깊어진다,World
 당국자  중국의 급격하고 전례없는 핵무기 증강 주시 ,World
또  가장 뜨거운  월   몬순 불안에 아마존 파괴 위기,World
 파전 된   차기 하원의장 선거   가장 보수적 후보들이 맞붙었다 ,World
 국무차관   미사일 선제타격  우리 갈길은 아냐 ,World
  도쿄전력  후쿠시마 오염수  차 방류 개시,World
우크라 지원 난항    압수한 이란 탄약    만발 보냈다 ,World
소문이 사실이었나     핵잠수함 침몰 승조원   명 사망 ,World
 지구 어디든 도달할 것  자랑했던 핵미사일  푸틴  시험 발사 성공했다 ,World
도쿄 한복판에   층  인피니티풀 빌딩   낡은 골목 재개발  스카이라인 바꾸다  이상훈 특파원의 도쿄 현장 ,World
   우크라에 패트리엇 추가지원 타우루스 제공은 여전히  노 ,World
 총리 수낙이 수상하다  고속철 백지화 등 잇단 정책 역주행  왜,World
     일까지 후쿠시마 오염수  천      차 방류,World
 중 핵잠수함  미 영 겨냥 함정에 걸려 사고 선원   명 사망 ,World
페라리  람보르기니 들이받고 불타 악몽이 된   수퍼카 투어,World
 중국 핵잠수함 선원   명 사망 자국 덫에 걸려 침몰 ,World
     러  우크라 공격에 크림반도 흑해함대 일부 철수 ,World
   조원 우크라    가입시  계산서  두드려 보니,World
 푸틴 성지  집중 타격 통했나    러 흑해함대 일부 크림반도서 철수,World
중국인 노벨문학상 유력한데     찬쉐    금지어 지정 왜,World
일본   반격 능력 핵심  토마호크 도입  년 앞당겨 장사정 미사일 확보도  속도 ,World
 인플레       아르헨  극우 후보 돌풍  폐소화 폐기 여성부 폐지  주장,World
중국 매체  매카시 사태  난장판 파티 같은  미국 분열  보여줬다 ,World
트럼프  포브스 선정    부자    인  명단서 제외,World
미국  압수한 이란 무기 우크라에 지원    무기 부족  숨통 트일까,World
프랑스  올림픽 앞두고  빈대  골머리 탐지견까지 투입,World
코미디 야생사진상 결선 진출작   편  당신이라면 어떤 작품을   ,World
영국  비흡연 세대  만든다      년생부터 성인돼도 담배 못 사 ,World
트럼프  포브스    대 미국 부자 명단서 또 탈락,World
호주    찰스 세 새긴 새 동전 공개 여왕과 달리 왼쪽 얼굴,World
우크라     조원 러시아 첨단        트라이엄프  또 파괴,World
  상무부 장관  화웨이 반도체 충격적 수출통제 도구 더 필요 ,World
   차 오염수 방류 예정에   관영지  배려 없는 불량국가  비판,World
 압도적 대세 트럼프  공화 경선토론 중단요구  본선 집중해야 ,World
 월드 이슈  고금리 고환율 먹구름,World
 임시 예산안 주도  미 하원의장 사상 첫 해임 셧다운 재연 ,World
        핵심  양자점  발견 합성법 개발,World
 고금리 장기화  전망에 미 국채금리 급등   년 만에 최고치,World
수낵  중북부 고속철 백지화 공식발표 총선 앞둔 모험,World
천안문 사태 의식했나    관영매체          선수 포옹 사진 삭제,World
또 현대차  러 철수설   계획 없어  반박도,World
호주 생우값  올해만     폭락 가격 하락에도 웃을 수 없는 이유,World
초유의 명단 유출 사태 노벨상 권위  흔들 ,World
러시아서 또 현대차 철수설  계획 없어  입장 발표도,World
러시아서 또 현대차 철수설  계획 없어  입장 발표도,World
아제르   분쟁지역 논의   자회담 불참키로 참가국 구성 불만,World
 중국의 징벌적 판다 외교  내년 말 미국엔 판다 아예 없을 수도,World
 올댓차이나  부동산사 중쥔집단  달러채 미상환에 디폴트 선언,World
노벨화학상  양자점 연구   인  나노기술에 색깔 입혀  종합 보 ,World
강달러에 맥 못 추는 엔화  년 만에    엔 찍으며  요동 ,World
 어떻게 이런 일이  노벨화학상 수상자 명단  사상 초유 사전유출,World
대만 정부  총통 선거에 개입하지 말라    중국에 경고,World
 시료 못 사서 연구 못할 수도       예산 삭감에 한숨 깊어진 대학생들,IT
국내 연구팀  북극해서  메탄가스 방출구  찾아냈다,IT
 알맹이  없었던 런던총회  신냉전 구도  오염수 공방전 이정주의 질문 ,IT
 이게 안 팔린  새옷  쓰레기   티셔츠 하나   만원 할인이나  팍팍  해주지  지구  뭐래  ,IT
      국감 펄어비스  공짜야근  논란 허진영 대표  시정 조치했다 ,IT
꿈쩍 않는 메타  김영식  이용자 보호조치 자료 제출 거부  철퇴 내려야 ,IT
 급 발암물질인데 라돈침대 폐기물  년 넘게 방치,IT
 국감      방통위  가짜뉴스  규제권한 놓고  적극행정       월권 ,IT
 넷플릭스였으면  오징어게임  급인데  벌써 약발 다 떨어졌다 ,IT
 국감      문체부 국감도 가짜뉴스 공방     폐해 심각        대통령이 싫어하면 가짜 ,IT
 국감      가짜뉴스로 똘똘 뭉친 방통위    포털도 언론 영역 책임 물어야 ,IT
유니티      년 만에 사임 런타임 요금제 후폭풍 ,IT
가짜뉴스 근절 나선 방통위에  위헌 월권  지적 이동관  적극 행정  종합 ,IT
 가짜뉴스 퇴치      위헌  가짜뉴스 공방 도배된  방통위 국감  종합 ,IT
 유튜브서 김건희 여사만 노린 온라인 스토킹 대통령 부인이면 다 참아야 하나 ,IT
      기간망 전송속도  배 키웠다,IT
이통사  분기 합산 영업익  조 돌파    가입자 둔화  변수 ,IT
세계 탄소배출량의     뿜어내는 제조업  녹색 혁명  나섰다,IT
심상정 의원  쿠팡 카카오  대표 대한항공 회장 국감 증인 추가요청,IT
삼성전자      년에 차세대      개발      생태계 확장나선다 ,IT
 다음 댓글   대깨문  필터링 정치적 의도 없어  문재앙 은 노출 ,IT
이동관  포털 내 매크로 사용금지 범위 특정할 것 ,IT
과기출연연 떠나는 우수연구자  년 새     명  매년 늘어,IT
 강남순  스핀오프  힘쎈여자 황금주  웹툰으로 만난다,IT
애플 내년 아이패드 프로        전환     삼성  웃고  샤프      울상  소부장디과장 ,IT
창립   주년   하이닉스 곽노정 사장  범용에서 맞춤 제품으로 거듭나겠다 ,IT
고피자  국내 외식 브랜드 최초  싱가포르 창이 국제공항  입점,IT
            급 백본 상용망 도입     대비 ,IT
유니티     존 리치텔로   년 만에 사임,IT
센서타워    모바일게임 매출     비중  약     장르 인기 여전 ,IT
박성중   대깨문 은 가리고  굥 은 그대로  지적에 카카오  비속어여서  해명,IT
아미코젠차이나  동물용 완제의약품 대형 거래처 확보    분기 납품 개시,IT
난임시술 임신 성공률  이 나이 넘으면 확 떨어집니다,IT
 삼성 중고폰 보상      만원         만원 ,IT
 국감      행안위 국감  오송참사 잼버리 난타전 예고    이슈는,IT
한화그룹 창립   주년 김승연 회장  창업시대의 야성 되살려야 ,IT
제임스 웹 우주망원경 중력렌즈 은하의 본 모습 밝히다  아하  우주 ,IT
곽노정   하이닉스 사장  메모리 핵심 전략으로  스페셜티  지목,IT
비트코인 약세 유가 뛰고 인플레 불안,IT
기관 투자 막힌   가상자산 시장  거래소 비중 커,IT
내년 방발기금서  소외계층 지원  예산 또 줄었다       불과,IT
    주간브리핑  정쟁 격화속       국감  본격 개막  이스라엘 하마스 전쟁  국제금융시장 새로운 변수,IT
 잇슈       달로 이사갈까  나사      년까지 달에 민간주택 짓는다,IT
      는 단순 기술 아니다 새 도구이자 역량의 집합체 ,IT
티맵  올해 추석 당일 사용자  하루 기준 역대 최다 ,IT
 딥페이크 음란물 심의  천 건 넘는데 삭제는   도 안 돼 ,IT
 구글 앱마켓  안 통하면  휴대전화 손상 정보 도용  위험 ,IT
 취향 저격이네   이것  쓰니 확 달라진     추천,IT
곡면 아닌 평면  프레임은 티타늄  소문 무성한  갤럭시    ,IT
   칩 품귀 에 빅테크 자체 개발 열풍   오픈  도 참전 가능성 ,IT
아이폰 사용자들        업데이트 후 와이파이 연결 안돼  불만,IT
  돌 맞는 빗썸   수수료 무료  승부수  출혈 각오하고 점유율 확대 사활,IT
노트북도 폴더블 경쟁 신제품 출시 잇따라,IT
  의료기기 프론티어    환자 상담부터 요양원 면회까지 실현하는 메타버스 세상,IT
 인터뷰  커크 스카우젠 레노버     사장     회사에서    인프라 기업으로 빠르게 변신 중 ,IT
아이폰   나온지 얼마나 됐다고    번인  잇따라   일  템 ,IT
카카오페이 선불충전금  천억원 돌파 올해     증가,IT
 후공정서 승기 잡아라    반도체업계  패키징 투자  드라이브 ,IT
 팩플  자체   모델 개발 나선     오픈  는 친구이자 경쟁자 ,IT
  세도 데이팅앱 깔았다    세 이상만 가입  중년들 몰린 곳,IT
스마트폰   도 진화 삼성 구글 애플   온디바이스  경쟁,IT
지구 생물 절반 이상이 토양에 산다,IT
 주말 수학  두달간 휴가가도 문제되지 않는  이곳    수학의 도시  프린스턴 ,IT
 헷갈린 과학  이온음료    탄산음료   운동 후 적당한 음료는,IT
 서 새 먹거리 찾는   블록체인 업체들의 전략은 ,IT
김관우의 금메달 잉태한 한국 오락실  다 어디 갔을까,IT
 애플      업데이트로 아이폰   프로 과열 잡았다 ,IT
 사이언스카페  베이조스도 우주 인터넷 위성 발사  머스크와 본격 경쟁,IT
  힘쎈여자 강남순 부터 베컴의 숨겨진 이야기까지  넷플릭스에서 보자   위클리콘 ,IT
아이폰   시리즈 공시지원금     만   만원    유플러스가 최대,IT
방류 이후 첫 런던총회  오염수 해양투기  놓고 도돌이표 공방전,IT
 년만에 공개된  엑시노스    삼성의    흑역사 끝낼까  양철민의 아알못  ,IT
 이도경의 플레   시작도 하기 전에 표류할뻔한 문체부 국감,IT
이 남자  카메라 입에 물었을 뿐인데     만 조회수 터졌다  더인플루언서 ,IT
주요 게임사   분기 야심작 쏟아낸다,IT
 체험기   정확한 물 공급으로 물기 없이 이물질만 제거   다이슨이 만든 무선 물 청소기 써보니,IT
삼바 삼양 대상이 대사공학에 푹 빠진 이유  신약개발부터 식품 화장품 생산의 미래 ,IT
 코로나 독감  글로벌 제약사 복합 백신 개발 속도 제약 바이오 해외토픽 ,IT
 김정유의 웹툰파헤치기 공감     일상툰 네이버웹툰  대학원 탈출일지 ,IT
 사이테크    천만년 전 개구리 진짜 색깔은   화석에서 피부 색소 발견 ,IT
휴대폰 이용자      폰값 비싸     만원 이하가 적정 ,IT
삼성전자  차세대 모바일 칩  엑시노스       공개 갤    탑재 주목,IT
도입  년차  심 가입자 현황은  영업비밀 ,IT
통신  사  아이폰   시리즈에 최대   만원 지원,IT
게임위  올해 국감도 쉽지 않다  확률형 아이템 사후관리  전문성 점검 예고,IT
최고의  단풍 명소 가 이곳  설악산도 아니고 남이섬도 아니네,IT
밤하늘  번째로 밝은 별  알고보니 별이 아니었다,IT
삼성전자    실리콘밸리서    성능 높인  엑시노스       공개,IT
 애플  아이패드 신제품 쏟아진다 ,IT
아이폰    전자파 폭탄  논란  한국은 왜 조치 없나 ,IT
    본궤도 올라탄 유빅스  연말     에 혈액암치료제  상 시험계획 신청 ,IT
이순형 라온시큐어 대표  화이트햇 합병은 글로벌 기업 성장 위한 선택 ,IT
 르포  년만에     만명 확보한 삼성 스마트싱스 스마트홈 생태계 확장,IT
  개  살라미 요금제  쏟아 낸  위       통신시장 판 흔들까,IT
삼성전자    시장 재추격할까   미국에서 엑시노스      공개,IT
애플이 웬일  이통 사 아이폰   공시지원금 최대   만원,IT
 문자를 이미지로 변환  삼성전자   엑시노스       공개,IT
프린세스 메이커 창세기전 부활하는 추억의 게임들,IT
  업계  모든 문제에 가짜뉴스라니 말도 못하고 답답 ,IT
 컴앤스톡   중고  웹젠  사법리스크 노사분쟁 신작부진  주가 반등은,IT
네이버 카카오도  시간 이상 먹통 때 이용자 고지 의무,IT
  샵  소형 다용도 주방용품 판매 확 늘어 ,IT
가계 통신비 인하 플랫폼 기업 두마리 토끼 노리는      종합 ,IT
 일문일답        월  만원부터  맞춤요금제  너겟  출시 이유는,IT
 종합          만원         요금 출시  와이파이족   대 공략 ,IT
경제계    개 규제혁신 법안  조속한 처리 요청 ,IT
모더나  동절기 코로나   백신접종에  스파이크박스 엑스주  활용해야 ,IT
코로나   한숨 돌리나 했더니 올해는 어르신 결핵 주의보,IT
   핵심기술 유출 우려   과학기술 출연연  해킹 사이버 공격     건 급증,IT
경제계  킬러규제   대 마지막 정기국회서 풀어야 ,IT
아이폰   내일 국내 사전예약  삼성  폴더블 시리즈  맞대결,IT
     신형  시리즈  세계 최초 한국서 첫 출시 최상위 모델  억    만원,IT
성냥 성분으로 저렴하게 성능 높인 흑연 음극재 나왔다,IT
 팩플  위챗 알리페이 이용자  쓰던 앱으로 카카오  택시 부른다는데,IT
다음 포털 매크로 논란 확산 전문가들  모든 매크로 조작 못 막아 ,IT
   반도체 스타트업 리벨리온과 삼성전자  차세대    반도체 공동개발,IT
아이폰   발열 악재 애플  투자의견도 매수에서 중립으로 하향조정,IT
 한판 붙자 아이폰    삼성전자 안드로이드 동맹 구글 픽셀  내놨다,IT
쓴만큼 낸다      맞춤형 요금제  너겟 으로 통신비 절감 종합 ,IT
 토마토즙이 뚝뚝   사람 손보다 낫다  쥐기만 하면  과일 신선도  안다  영상 ,IT
 팩플  포털 다음  여론 조작  논란에 범정부   출범 또 시험대 오른 플랫폼,IT
과방위  과기정통부 방통위 국정감사 증인 없이 실시,IT
리플  앉아서 이겼다    법원       항소  기각  코인브리핑 ,IT
 램 연말  낸드 내년  분기 삼성  적자탈출 시간표  앞당긴다,IT
삼성전자   보급형 프리미엄  갤럭시   시리즈 전력 강화,IT
     개로   응원     만 번 클릭  카카오   클릭 응원  매크로 정황 포착,IT
 볼륨 키우면 이상한 소리가  아이폰    이번엔 스피커 문제까지,IT
  전자  전장 호조에  분기 실적 기대감 ,IT
  매출  조  쿠키런   데브시스터즈 구원투수 될까,IT
 단독  오염수  일일  브리핑  내주부터 주  회로 축소,IT
수천억 규모 공공   사업  국감 핫이슈  부상 ,IT
국감     여야 이견에 이통 사 대표 출석 불투명    돋보기 ,IT
    예산 줄었는데  포닥 구조조정은 막겠다 ,IT
정필모     무선국 성능 불합격 비율  타사대비   배 높아 ,IT
 인가구 늘자 주거 해결사  코리빙  뜬다,IT
   퇴근길  삼성 갤럭시       공개 카카오  축구 한중전 응원 조작  수사의뢰 ,IT
지각 불완전 출범한 개인정보위  기 부적격자 추천 논란,IT
  조 돌파     가전 부품 사업      사업 기대주 부상,IT
 낸드 불황 직격탄    하이닉스 솔리다임 어깨 무거워진 노종원 사장,IT
삼성전자 갤럭시    시리즈 공개     달러 내려 아이폰에  맞불 ,IT
